,Date,Open,High,Low,Close,Adj_Close,Volume,Codigo empresa
0,2018-11-16 00:00:00+01:00,8.63,8.77,8.44,8.6,7.69,1269609,COL.MC
1,2018-11-19 00:00:00+01:00,8.6,8.68,8.53,8.56,7.66,838912,COL.MC
2,2018-11-20 00:00:00+01:00,8.51,8.54,8.44,8.48,7.59,620297,COL.MC
3,2018-11-21 00:00:00+01:00,8.52,8.74,8.48,8.74,7.82,1443261,COL.MC
4,2018-11-22 00:00:00+01:00,8.66,8.78,8.63,8.69,7.78,660271,COL.MC
5,2018-11-23 00:00:00+01:00,8.69,8.8,8.68,8.78,7.86,1233081,COL.MC
6,2018-11-26 00:00:00+01:00,8.8,8.91,8.68,8.78,7.86,548745,COL.MC
7,2018-11-27 00:00:00+01:00,8.77,8.94,8.77,8.9,7.97,944280,COL.MC
8,2018-11-28 00:00:00+01:00,8.9,8.93,8.64,8.78,7.86,1003499,COL.MC
9,2018-11-29 00:00:00+01:00,8.81,8.94,8.73,8.87,7.94,1162444,COL.MC
10,2018-11-30 00:00:00+01:00,8.9,8.91,8.76,8.88,7.94,1344481,COL.MC
11,2018-12-03 00:00:00+01:00,8.99,9.05,8.72,8.72,7.8,727075,COL.MC
12,2018-12-04 00:00:00+01:00,8.74,8.77,8.52,8.56,7.66,917598,COL.MC
13,2018-12-05 00:00:00+01:00,8.52,8.64,8.49,8.55,7.65,456889,COL.MC
14,2018-12-06 00:00:00+01:00,8.46,8.56,8.45,8.54,7.64,1373171,COL.MC
15,2018-12-07 00:00:00+01:00,8.57,8.74,8.56,8.64,7.73,633626,COL.MC
16,2018-12-10 00:00:00+01:00,8.6,8.73,8.51,8.52,7.62,614491,COL.MC
17,2018-12-11 00:00:00+01:00,8.53,8.67,8.41,8.64,7.73,614584,COL.MC
18,2018-12-12 00:00:00+01:00,8.7,8.93,8.7,8.83,7.9,709656,COL.MC
19,2018-12-13 00:00:00+01:00,8.81,8.86,8.73,8.84,7.91,619413,COL.MC
20,2018-12-14 00:00:00+01:00,8.75,8.82,8.65,8.77,7.85,809679,COL.MC
21,2018-12-17 00:00:00+01:00,8.8,8.89,8.73,8.73,7.81,754556,COL.MC
22,2018-12-18 00:00:00+01:00,8.67,8.69,8.48,8.52,7.62,1440217,COL.MC
23,2018-12-19 00:00:00+01:00,8.6,8.61,8.47,8.52,7.62,1335460,COL.MC
24,2018-12-20 00:00:00+01:00,8.44,8.48,8.23,8.31,7.44,1128851,COL.MC
25,2018-12-21 00:00:00+01:00,8.3,8.33,8.19,8.27,7.41,2756576,COL.MC
26,2018-12-24 00:00:00+01:00,8.19,8.35,8.06,8.06,7.21,319624,COL.MC
27,2018-12-27 00:00:00+01:00,8.2,8.2,8.0,8.04,7.2,1093023,COL.MC
28,2018-12-28 00:00:00+01:00,8.06,8.07,7.91,8.01,7.17,866005,COL.MC
29,2018-12-31 00:00:00+01:00,8.06,8.16,7.97,8.14,7.28,577136,COL.MC
30,2019-01-02 00:00:00+01:00,7.95,8.06,7.89,8.02,7.18,717693,COL.MC
31,2019-01-03 00:00:00+01:00,8.02,8.09,7.99,8.04,7.2,704526,COL.MC
32,2019-01-04 00:00:00+01:00,8.1,8.19,8.04,8.18,7.32,636896,COL.MC
33,2019-01-07 00:00:00+01:00,8.2,8.31,8.14,8.3,7.42,690552,COL.MC
34,2019-01-08 00:00:00+01:00,8.32,8.54,8.26,8.47,7.58,850111,COL.MC
35,2019-01-09 00:00:00+01:00,8.53,8.54,8.34,8.42,7.54,756322,COL.MC
36,2019-01-10 00:00:00+01:00,8.41,8.61,8.41,8.47,7.58,1026340,COL.MC
37,2019-01-11 00:00:00+01:00,8.51,8.6,8.48,8.6,7.69,1771328,COL.MC
38,2019-01-14 00:00:00+01:00,8.52,8.64,8.52,8.6,7.69,1614913,COL.MC
39,2019-01-15 00:00:00+01:00,8.63,8.7,8.55,8.61,7.71,829402,COL.MC
40,2019-01-16 00:00:00+01:00,8.62,8.74,8.55,8.7,7.79,767539,COL.MC
41,2019-01-17 00:00:00+01:00,8.71,8.87,8.65,8.85,7.93,966948,COL.MC
42,2019-01-18 00:00:00+01:00,8.88,8.97,8.85,8.92,7.98,736965,COL.MC
43,2019-01-21 00:00:00+01:00,8.94,8.96,8.81,8.85,7.93,509136,COL.MC
44,2019-01-22 00:00:00+01:00,8.85,8.99,8.84,8.9,7.96,1285700,COL.MC
45,2019-01-23 00:00:00+01:00,8.85,9.02,8.84,9.01,8.06,1014523,COL.MC
46,2019-01-24 00:00:00+01:00,9.03,9.03,8.88,8.95,8.01,818427,COL.MC
47,2019-01-25 00:00:00+01:00,8.86,8.94,8.61,8.86,7.93,981445,COL.MC
48,2019-01-28 00:00:00+01:00,8.8,8.93,8.8,8.9,7.97,1719270,COL.MC
49,2019-01-29 00:00:00+01:00,8.83,8.98,8.83,8.98,8.03,906749,COL.MC
50,2019-01-30 00:00:00+01:00,8.94,9.01,8.91,9.01,8.06,555399,COL.MC
51,2019-01-31 00:00:00+01:00,8.98,9.03,8.84,8.93,7.99,969727,COL.MC
52,2019-02-01 00:00:00+01:00,8.98,8.98,8.85,8.87,7.94,570424,COL.MC
53,2019-02-04 00:00:00+01:00,8.87,8.95,8.83,8.95,8.02,422172,COL.MC
54,2019-02-05 00:00:00+01:00,8.85,8.9,8.7,8.86,7.93,917762,COL.MC
55,2019-02-06 00:00:00+01:00,8.86,8.94,8.84,8.89,7.95,618399,COL.MC
56,2019-02-07 00:00:00+01:00,8.85,8.94,8.73,8.86,7.93,718948,COL.MC
57,2019-02-08 00:00:00+01:00,8.85,8.89,8.73,8.75,7.83,1064277,COL.MC
58,2019-02-11 00:00:00+01:00,8.8,8.82,8.7,8.74,7.82,605143,COL.MC
59,2019-02-12 00:00:00+01:00,8.77,8.77,8.66,8.68,7.77,856993,COL.MC
60,2019-02-13 00:00:00+01:00,8.66,8.7,8.55,8.6,7.7,1624011,COL.MC
61,2019-02-14 00:00:00+01:00,8.66,8.71,8.6,8.68,7.76,527478,COL.MC
62,2019-02-15 00:00:00+01:00,8.65,8.77,8.65,8.74,7.82,741658,COL.MC
63,2019-02-18 00:00:00+01:00,8.75,8.81,8.69,8.77,7.85,1053582,COL.MC
64,2019-02-19 00:00:00+01:00,8.8,8.85,8.74,8.78,7.86,369944,COL.MC
65,2019-02-20 00:00:00+01:00,8.8,8.81,8.69,8.72,7.8,817033,COL.MC
66,2019-02-21 00:00:00+01:00,8.73,8.8,8.7,8.77,7.85,722629,COL.MC
67,2019-02-22 00:00:00+01:00,8.76,8.85,8.7,8.85,7.92,644579,COL.MC
68,2019-02-25 00:00:00+01:00,8.88,8.95,8.81,8.84,7.91,592827,COL.MC
69,2019-02-26 00:00:00+01:00,8.83,8.86,8.77,8.81,7.88,391029,COL.MC
70,2019-02-27 00:00:00+01:00,8.85,8.95,8.81,8.82,7.9,794692,COL.MC
71,2019-02-28 00:00:00+01:00,8.8,9.13,8.8,9.06,8.11,1153439,COL.MC
72,2019-03-01 00:00:00+01:00,9.12,9.19,9.0,9.08,8.13,713451,COL.MC
73,2019-03-04 00:00:00+01:00,9.14,9.14,9.01,9.06,8.11,779515,COL.MC
74,2019-03-05 00:00:00+01:00,9.08,9.12,8.99,9.07,8.12,621305,COL.MC
75,2019-03-06 00:00:00+01:00,9.08,9.11,9.0,9.04,8.09,675408,COL.MC
76,2019-03-07 00:00:00+01:00,9.03,9.09,8.98,9.06,8.11,851026,COL.MC
77,2019-03-08 00:00:00+01:00,8.98,9.18,8.98,9.11,8.15,581599,COL.MC
78,2019-03-11 00:00:00+01:00,9.11,9.11,8.98,9.0,8.06,730675,COL.MC
79,2019-03-12 00:00:00+01:00,9.04,9.11,9.0,9.0,8.06,790089,COL.MC
80,2019-03-13 00:00:00+01:00,9.01,9.18,9.01,9.18,8.22,783999,COL.MC
81,2019-03-14 00:00:00+01:00,9.19,9.35,9.18,9.27,8.3,896162,COL.MC
82,2019-03-15 00:00:00+01:00,9.28,9.32,9.2,9.2,8.23,1970665,COL.MC
83,2019-03-18 00:00:00+01:00,9.26,9.28,9.15,9.17,8.21,705461,COL.MC
84,2019-03-19 00:00:00+01:00,9.19,9.31,9.16,9.24,8.27,869423,COL.MC
85,2019-03-20 00:00:00+01:00,9.22,9.32,9.19,9.19,8.23,1050652,COL.MC
86,2019-03-21 00:00:00+01:00,9.22,9.22,9.15,9.2,8.23,1188948,COL.MC
87,2019-03-22 00:00:00+01:00,9.21,9.22,9.01,9.04,8.09,643428,COL.MC
88,2019-03-25 00:00:00+01:00,8.98,9.1,8.98,9.07,8.12,823593,COL.MC
89,2019-03-26 00:00:00+01:00,9.07,9.16,9.02,9.14,8.18,665205,COL.MC
90,2019-03-27 00:00:00+01:00,9.14,9.19,9.01,9.17,8.21,770350,COL.MC
91,2019-03-28 00:00:00+01:00,9.15,9.2,9.11,9.19,8.23,466503,COL.MC
92,2019-03-29 00:00:00+01:00,9.19,9.24,9.15,9.16,8.2,783798,COL.MC
93,2019-04-01 00:00:00+02:00,9.16,9.2,9.11,9.16,8.2,744390,COL.MC
94,2019-04-02 00:00:00+02:00,9.17,9.25,9.15,9.19,8.22,1152665,COL.MC
95,2019-04-03 00:00:00+02:00,9.19,9.32,9.15,9.28,8.31,624927,COL.MC
96,2019-04-04 00:00:00+02:00,9.28,9.38,9.26,9.32,8.34,625119,COL.MC
97,2019-04-05 00:00:00+02:00,9.35,9.36,9.27,9.31,8.33,733500,COL.MC
98,2019-04-08 00:00:00+02:00,9.34,9.35,9.2,9.2,8.23,709467,COL.MC
99,2019-04-09 00:00:00+02:00,9.2,9.28,9.15,9.15,8.19,422378,COL.MC
100,2019-04-10 00:00:00+02:00,9.19,9.35,9.15,9.28,8.31,980962,COL.MC
101,2019-04-11 00:00:00+02:00,9.26,9.38,9.24,9.35,8.36,455111,COL.MC
102,2019-04-12 00:00:00+02:00,9.38,9.38,9.21,9.28,8.31,491949,COL.MC
103,2019-04-15 00:00:00+02:00,9.28,9.35,9.23,9.31,8.34,621740,COL.MC
104,2019-04-16 00:00:00+02:00,9.34,9.41,9.28,9.39,8.4,979433,COL.MC
105,2019-04-17 00:00:00+02:00,9.39,9.39,9.26,9.34,8.36,383587,COL.MC
106,2019-04-18 00:00:00+02:00,9.3,9.4,9.27,9.4,8.41,418152,COL.MC
107,2019-04-23 00:00:00+02:00,9.43,9.43,9.24,9.39,8.4,648713,COL.MC
108,2019-04-24 00:00:00+02:00,9.35,9.52,9.35,9.52,8.53,621610,COL.MC
109,2019-04-25 00:00:00+02:00,9.44,9.56,9.44,9.53,8.53,1741134,COL.MC
110,2019-04-26 00:00:00+02:00,9.58,9.58,9.47,9.55,8.55,630657,COL.MC
111,2019-04-29 00:00:00+02:00,9.43,9.63,9.4,9.57,8.57,427216,COL.MC
112,2019-04-30 00:00:00+02:00,9.55,9.64,9.53,9.6,8.59,681646,COL.MC
113,2019-05-02 00:00:00+02:00,9.62,9.67,9.6,9.66,8.65,869527,COL.MC
114,2019-05-03 00:00:00+02:00,9.68,9.68,9.6,9.65,8.64,565198,COL.MC
115,2019-05-06 00:00:00+02:00,9.44,9.67,9.3,9.65,8.64,584013,COL.MC
116,2019-05-07 00:00:00+02:00,9.69,9.75,9.65,9.72,8.7,1386113,COL.MC
117,2019-05-08 00:00:00+02:00,9.56,9.66,9.53,9.65,8.64,623344,COL.MC
118,2019-05-09 00:00:00+02:00,9.47,9.66,9.45,9.65,8.63,601490,COL.MC
119,2019-05-10 00:00:00+02:00,9.45,9.72,9.45,9.7,8.68,1123185,COL.MC
120,2019-05-13 00:00:00+02:00,9.58,9.72,9.58,9.7,8.68,623139,COL.MC
121,2019-05-14 00:00:00+02:00,9.55,9.74,9.55,9.7,8.68,517677,COL.MC
122,2019-05-15 00:00:00+02:00,9.66,9.82,9.66,9.8,8.77,562227,COL.MC
123,2019-05-16 00:00:00+02:00,9.81,9.94,9.75,9.94,8.9,2061589,COL.MC
124,2019-05-17 00:00:00+02:00,9.95,9.97,9.86,9.9,8.86,591602,COL.MC
125,2019-05-20 00:00:00+02:00,9.9,9.96,9.85,9.88,8.84,396186,COL.MC
126,2019-05-21 00:00:00+02:00,9.9,9.94,9.85,9.94,8.89,723484,COL.MC
127,2019-05-22 00:00:00+02:00,9.96,9.96,9.85,9.87,8.83,382965,COL.MC
128,2019-05-23 00:00:00+02:00,9.82,9.87,9.7,9.76,8.73,498012,COL.MC
129,2019-05-24 00:00:00+02:00,9.8,9.91,9.74,9.91,8.87,671753,COL.MC
130,2019-05-27 00:00:00+02:00,9.92,9.98,9.78,9.82,8.79,320309,COL.MC
131,2019-05-28 00:00:00+02:00,9.78,9.87,9.74,9.84,8.81,1942558,COL.MC
132,2019-05-29 00:00:00+02:00,9.9,9.94,9.8,9.92,8.88,698160,COL.MC
133,2019-05-30 00:00:00+02:00,9.93,9.94,9.84,9.89,8.85,410666,COL.MC
134,2019-05-31 00:00:00+02:00,9.84,9.94,9.8,9.91,8.87,1117897,COL.MC
135,2019-06-03 00:00:00+02:00,9.88,9.92,9.77,9.9,8.86,460235,COL.MC
136,2019-06-04 00:00:00+02:00,9.88,9.9,9.74,9.77,8.75,974151,COL.MC
137,2019-06-05 00:00:00+02:00,9.77,9.9,9.68,9.9,8.86,667096,COL.MC
138,2019-06-06 00:00:00+02:00,9.86,9.96,9.85,9.9,8.86,607194,COL.MC
139,2019-06-07 00:00:00+02:00,9.9,10.05,9.88,10.0,8.95,885264,COL.MC
140,2019-06-10 00:00:00+02:00,10.0,10.13,10.0,10.07,9.01,353675,COL.MC
141,2019-06-11 00:00:00+02:00,10.1,10.11,10.02,10.03,8.98,708884,COL.MC
142,2019-06-12 00:00:00+02:00,9.99,10.16,9.97,10.06,9.0,1151555,COL.MC
143,2019-06-13 00:00:00+02:00,10.06,10.22,10.04,10.15,9.08,1743347,COL.MC
144,2019-06-14 00:00:00+02:00,10.14,10.19,10.12,10.17,9.1,536850,COL.MC
145,2019-06-17 00:00:00+02:00,10.2,10.23,10.1,10.12,9.06,669402,COL.MC
146,2019-06-18 00:00:00+02:00,10.12,10.29,10.05,10.17,9.1,864505,COL.MC
147,2019-06-19 00:00:00+02:00,10.21,10.25,10.14,10.22,9.15,958821,COL.MC
148,2019-06-20 00:00:00+02:00,10.25,10.32,10.2,10.24,9.17,914059,COL.MC
149,2019-06-21 00:00:00+02:00,10.2,10.29,10.14,10.22,9.15,1481518,COL.MC
150,2019-06-24 00:00:00+02:00,10.23,10.3,10.19,10.2,9.13,660109,COL.MC
151,2019-06-25 00:00:00+02:00,10.05,10.24,10.02,10.22,9.15,540328,COL.MC
152,2019-06-26 00:00:00+02:00,10.2,10.2,9.9,9.92,8.88,867123,COL.MC
153,2019-06-27 00:00:00+02:00,9.8,9.8,9.49,9.51,8.68,895108,COL.MC
154,2019-06-28 00:00:00+02:00,9.46,9.8,9.46,9.8,8.95,1099210,COL.MC
155,2019-07-01 00:00:00+02:00,9.85,9.91,9.8,9.88,9.02,651458,COL.MC
156,2019-07-02 00:00:00+02:00,9.89,9.94,9.81,9.94,9.08,641892,COL.MC
157,2019-07-03 00:00:00+02:00,9.96,10.16,9.96,10.14,9.26,508332,COL.MC
158,2019-07-04 00:00:00+02:00,10.13,10.2,10.1,10.11,9.24,815277,COL.MC
159,2019-07-05 00:00:00+02:00,10.13,10.16,9.95,10.01,9.14,582343,COL.MC
160,2019-07-08 00:00:00+02:00,9.95,10.06,9.95,10.02,9.15,540665,COL.MC
161,2019-07-09 00:00:00+02:00,9.99,10.1,9.99,10.1,9.23,889100,COL.MC
162,2019-07-10 00:00:00+02:00,10.02,10.07,9.97,9.98,9.11,421867,COL.MC
163,2019-07-11 00:00:00+02:00,10.01,10.06,9.94,9.97,9.11,460590,COL.MC
164,2019-07-12 00:00:00+02:00,9.86,10.0,9.86,9.94,9.08,433530,COL.MC
165,2019-07-15 00:00:00+02:00,9.99,10.06,9.91,9.99,9.13,302521,COL.MC
166,2019-07-16 00:00:00+02:00,9.9,9.97,9.79,9.8,8.95,726440,COL.MC
167,2019-07-17 00:00:00+02:00,9.85,9.9,9.81,9.85,9.0,499878,COL.MC
168,2019-07-18 00:00:00+02:00,9.75,9.87,9.75,9.82,8.97,371547,COL.MC
169,2019-07-19 00:00:00+02:00,9.86,9.94,9.81,9.85,9.0,451214,COL.MC
170,2019-07-22 00:00:00+02:00,9.85,9.86,9.69,9.86,9.01,1103396,COL.MC
171,2019-07-23 00:00:00+02:00,9.9,9.95,9.82,9.9,9.04,793238,COL.MC
172,2019-07-24 00:00:00+02:00,9.88,10.09,9.88,10.06,9.19,594648,COL.MC
173,2019-07-25 00:00:00+02:00,10.08,10.27,10.01,10.13,9.25,974333,COL.MC
174,2019-07-26 00:00:00+02:00,10.1,10.19,10.1,10.16,9.28,553354,COL.MC
175,2019-07-29 00:00:00+02:00,10.09,10.24,10.09,10.2,9.32,478030,COL.MC
176,2019-07-30 00:00:00+02:00,10.25,10.29,9.98,10.05,9.18,870107,COL.MC
177,2019-07-31 00:00:00+02:00,10.11,10.19,10.0,10.1,9.23,735710,COL.MC
178,2019-08-01 00:00:00+02:00,10.08,10.32,10.08,10.29,9.4,679759,COL.MC
179,2019-08-02 00:00:00+02:00,10.15,10.45,10.14,10.31,9.42,797239,COL.MC
180,2019-08-05 00:00:00+02:00,10.2,10.31,10.11,10.2,9.32,704934,COL.MC
181,2019-08-06 00:00:00+02:00,10.18,10.28,10.02,10.02,9.15,695744,COL.MC
182,2019-08-07 00:00:00+02:00,10.0,10.13,9.99,10.11,9.24,532210,COL.MC
183,2019-08-08 00:00:00+02:00,10.13,10.23,10.09,10.18,9.3,353040,COL.MC
184,2019-08-09 00:00:00+02:00,10.2,10.21,10.13,10.21,9.33,306836,COL.MC
185,2019-08-12 00:00:00+02:00,10.25,10.35,10.19,10.23,9.34,524128,COL.MC
186,2019-08-13 00:00:00+02:00,10.15,10.3,10.15,10.2,9.32,610669,COL.MC
187,2019-08-14 00:00:00+02:00,10.15,10.23,10.1,10.18,9.3,401058,COL.MC
188,2019-08-15 00:00:00+02:00,10.2,10.24,10.13,10.22,9.34,588406,COL.MC
189,2019-08-16 00:00:00+02:00,10.21,10.23,10.16,10.2,9.32,680618,COL.MC
190,2019-08-19 00:00:00+02:00,10.2,10.3,10.2,10.26,9.37,605812,COL.MC
191,2019-08-20 00:00:00+02:00,10.25,10.32,10.2,10.25,9.36,458689,COL.MC
192,2019-08-21 00:00:00+02:00,10.25,10.39,10.2,10.39,9.49,369145,COL.MC
193,2019-08-22 00:00:00+02:00,10.34,10.5,10.34,10.47,9.56,780387,COL.MC
194,2019-08-23 00:00:00+02:00,10.46,10.5,10.38,10.43,9.53,440518,COL.MC
195,2019-08-26 00:00:00+02:00,10.3,10.52,10.3,10.47,9.56,226333,COL.MC
196,2019-08-27 00:00:00+02:00,10.48,10.56,10.41,10.53,9.62,679319,COL.MC
197,2019-08-28 00:00:00+02:00,10.4,10.55,10.4,10.5,9.59,395254,COL.MC
198,2019-08-29 00:00:00+02:00,10.56,10.6,10.42,10.43,9.53,428866,COL.MC
199,2019-08-30 00:00:00+02:00,10.4,10.55,10.4,10.5,9.59,556773,COL.MC
200,2019-09-02 00:00:00+02:00,10.6,10.6,10.44,10.48,9.57,413861,COL.MC
201,2019-09-03 00:00:00+02:00,10.6,10.6,10.46,10.53,9.62,637529,COL.MC
202,2019-09-04 00:00:00+02:00,10.65,10.76,10.61,10.7,9.77,523123,COL.MC
203,2019-09-05 00:00:00+02:00,10.75,10.76,10.55,10.61,9.69,570471,COL.MC
204,2019-09-06 00:00:00+02:00,10.59,10.65,10.53,10.6,9.68,9819446,COL.MC
205,2019-09-09 00:00:00+02:00,10.57,10.72,10.56,10.67,9.75,465325,COL.MC
206,2019-09-10 00:00:00+02:00,10.66,10.67,10.45,10.56,9.65,525067,COL.MC
207,2019-09-11 00:00:00+02:00,10.59,10.59,10.36,10.42,9.52,1173877,COL.MC
208,2019-09-12 00:00:00+02:00,10.51,10.53,10.3,10.4,9.5,820340,COL.MC
209,2019-09-13 00:00:00+02:00,10.38,10.42,10.27,10.39,9.49,627498,COL.MC
210,2019-09-16 00:00:00+02:00,10.36,10.41,10.27,10.29,9.4,1255130,COL.MC
211,2019-09-17 00:00:00+02:00,10.33,10.41,10.27,10.37,9.47,1005380,COL.MC
212,2019-09-18 00:00:00+02:00,10.37,10.54,10.37,10.5,9.59,960061,COL.MC
213,2019-09-19 00:00:00+02:00,10.5,10.72,10.49,10.65,9.73,613583,COL.MC
214,2019-09-20 00:00:00+02:00,10.6,10.92,10.6,10.83,9.89,1964320,COL.MC
215,2019-09-23 00:00:00+02:00,10.74,10.86,10.66,10.73,9.8,718838,COL.MC
216,2019-09-24 00:00:00+02:00,10.8,10.8,10.7,10.71,9.78,500281,COL.MC
217,2019-09-25 00:00:00+02:00,10.7,10.89,10.7,10.86,9.92,553790,COL.MC
218,2019-09-26 00:00:00+02:00,10.88,11.07,10.87,11.05,10.09,1094003,COL.MC
219,2019-09-27 00:00:00+02:00,11.1,11.1,11.0,11.04,10.08,1519749,COL.MC
220,2019-09-30 00:00:00+02:00,11.04,11.16,10.99,11.07,10.11,1037098,COL.MC
221,2019-10-01 00:00:00+02:00,11.06,11.19,11.06,11.19,10.22,1259520,COL.MC
222,2019-10-02 00:00:00+02:00,11.17,11.21,11.06,11.12,10.16,1077299,COL.MC
223,2019-10-03 00:00:00+02:00,11.12,11.4,11.12,11.24,10.27,879669,COL.MC
224,2019-10-04 00:00:00+02:00,11.34,11.34,11.19,11.28,10.3,783694,COL.MC
225,2019-10-07 00:00:00+02:00,11.33,11.36,11.25,11.36,10.38,620400,COL.MC
226,2019-10-08 00:00:00+02:00,11.36,11.44,11.29,11.3,10.32,1165378,COL.MC
227,2019-10-09 00:00:00+02:00,11.33,11.46,11.33,11.42,10.43,878958,COL.MC
228,2019-10-10 00:00:00+02:00,11.36,11.42,11.26,11.41,10.42,458470,COL.MC
229,2019-10-11 00:00:00+02:00,11.45,11.47,11.29,11.35,10.37,2001151,COL.MC
230,2019-10-14 00:00:00+02:00,11.34,11.49,11.3,11.49,10.5,680887,COL.MC
231,2019-10-15 00:00:00+02:00,11.43,11.54,11.43,11.5,10.51,607497,COL.MC
232,2019-10-16 00:00:00+02:00,11.45,11.49,11.21,11.37,10.39,1062355,COL.MC
233,2019-10-17 00:00:00+02:00,11.37,11.59,11.35,11.5,10.51,1176025,COL.MC
234,2019-10-18 00:00:00+02:00,11.52,11.61,11.48,11.55,10.55,1907552,COL.MC
235,2019-10-21 00:00:00+02:00,11.55,11.55,11.37,11.43,10.44,1502151,COL.MC
236,2019-10-22 00:00:00+02:00,11.4,11.52,11.34,11.42,10.43,740409,COL.MC
237,2019-10-23 00:00:00+02:00,11.4,11.47,11.29,11.47,10.48,780816,COL.MC
238,2019-10-24 00:00:00+02:00,11.49,11.51,11.38,11.41,10.42,619087,COL.MC
239,2019-10-25 00:00:00+02:00,11.43,11.46,11.37,11.42,10.43,460632,COL.MC
240,2019-10-28 00:00:00+01:00,11.43,11.55,11.38,11.5,10.51,392889,COL.MC
241,2019-10-29 00:00:00+01:00,11.46,11.52,11.44,11.5,10.51,608611,COL.MC
242,2019-10-30 00:00:00+01:00,11.51,11.56,11.46,11.56,10.56,619052,COL.MC
243,2019-10-31 00:00:00+01:00,11.6,11.63,11.52,11.58,10.58,547362,COL.MC
244,2019-11-01 00:00:00+01:00,11.63,11.69,11.43,11.43,10.44,336745,COL.MC
245,2019-11-04 00:00:00+01:00,11.36,11.56,11.36,11.48,10.49,666909,COL.MC
246,2019-11-05 00:00:00+01:00,11.49,11.49,11.3,11.36,10.38,526049,COL.MC
247,2019-11-06 00:00:00+01:00,11.37,11.5,11.24,11.47,10.48,1797605,COL.MC
248,2019-11-07 00:00:00+01:00,11.45,11.59,11.36,11.56,10.56,812470,COL.MC
249,2019-11-08 00:00:00+01:00,11.55,11.64,11.55,11.61,10.61,720276,COL.MC
250,2019-11-11 00:00:00+01:00,11.57,11.7,11.56,11.66,10.65,446464,COL.MC
251,2019-11-12 00:00:00+01:00,11.7,11.8,11.65,11.66,10.65,1515428,COL.MC
252,2019-11-13 00:00:00+01:00,11.63,11.7,11.55,11.64,10.63,809589,COL.MC
253,2019-11-14 00:00:00+01:00,11.72,11.77,11.52,11.59,10.59,564779,COL.MC
254,2019-11-15 00:00:00+01:00,11.6,11.83,11.57,11.72,10.71,505285,COL.MC
255,2019-11-18 00:00:00+01:00,11.74,11.9,11.7,11.89,10.86,1356592,COL.MC
256,2019-11-19 00:00:00+01:00,11.86,11.94,11.81,11.9,10.87,376401,COL.MC
257,2019-11-20 00:00:00+01:00,11.9,11.95,11.62,11.66,10.65,512251,COL.MC
258,2019-11-21 00:00:00+01:00,11.63,11.68,11.47,11.51,10.51,535852,COL.MC
259,2019-11-22 00:00:00+01:00,11.5,11.59,11.41,11.41,10.42,592716,COL.MC
260,2019-11-25 00:00:00+01:00,11.43,11.54,11.37,11.42,10.43,459635,COL.MC
261,2019-11-26 00:00:00+01:00,11.41,11.59,11.36,11.51,10.51,648919,COL.MC
262,2019-11-27 00:00:00+01:00,11.6,11.61,11.48,11.52,10.52,379937,COL.MC
263,2019-11-28 00:00:00+01:00,11.5,11.59,11.43,11.49,10.5,370457,COL.MC
264,2019-11-29 00:00:00+01:00,11.5,11.57,11.43,11.45,10.46,443937,COL.MC
265,2019-12-02 00:00:00+01:00,11.42,11.53,11.26,11.26,10.29,540158,COL.MC
266,2019-12-03 00:00:00+01:00,11.24,11.4,11.24,11.27,10.29,720559,COL.MC
267,2019-12-04 00:00:00+01:00,11.33,11.38,11.28,11.34,10.36,456428,COL.MC
268,2019-12-05 00:00:00+01:00,11.32,11.45,11.32,11.33,10.35,308231,COL.MC
269,2019-12-06 00:00:00+01:00,11.33,11.64,11.33,11.61,10.61,621333,COL.MC
270,2019-12-09 00:00:00+01:00,11.58,11.59,11.49,11.51,10.51,315004,COL.MC
271,2019-12-10 00:00:00+01:00,11.56,11.64,11.46,11.56,10.56,424390,COL.MC
272,2019-12-11 00:00:00+01:00,11.6,11.6,11.38,11.44,10.45,427324,COL.MC
273,2019-12-12 00:00:00+01:00,11.49,11.49,11.13,11.13,10.17,580040,COL.MC
274,2019-12-13 00:00:00+01:00,11.19,11.27,11.16,11.22,10.25,566227,COL.MC
275,2019-12-16 00:00:00+01:00,11.28,11.32,11.2,11.27,10.29,488599,COL.MC
276,2019-12-17 00:00:00+01:00,11.27,11.32,11.13,11.14,10.18,748568,COL.MC
277,2019-12-18 00:00:00+01:00,11.15,11.2,11.12,11.2,10.23,686355,COL.MC
278,2019-12-19 00:00:00+01:00,11.23,11.41,11.16,11.34,10.36,688700,COL.MC
279,2019-12-20 00:00:00+01:00,11.36,11.43,11.17,11.17,10.2,2559097,COL.MC
280,2019-12-23 00:00:00+01:00,11.26,11.33,11.18,11.33,10.35,635845,COL.MC
281,2019-12-24 00:00:00+01:00,11.36,11.38,11.27,11.33,10.35,184251,COL.MC
282,2019-12-25 00:00:00+01:00,11.33,11.33,11.33,11.33,10.35,0,COL.MC
283,2019-12-27 00:00:00+01:00,11.41,11.53,11.38,11.53,10.53,423099,COL.MC
284,2019-12-30 00:00:00+01:00,11.54,11.54,11.35,11.37,10.39,331629,COL.MC
285,2019-12-31 00:00:00+01:00,11.2,11.45,11.19,11.36,10.38,198963,COL.MC
286,2020-01-02 00:00:00+01:00,11.5,11.5,11.36,11.39,10.4,284259,COL.MC
287,2020-01-03 00:00:00+01:00,11.34,11.59,11.34,11.56,10.56,539271,COL.MC
288,2020-01-06 00:00:00+01:00,11.52,11.57,11.41,11.53,10.53,306710,COL.MC
289,2020-01-07 00:00:00+01:00,11.54,11.59,11.39,11.43,10.44,432903,COL.MC
290,2020-01-08 00:00:00+01:00,11.38,11.38,11.13,11.23,10.26,682636,COL.MC
291,2020-01-09 00:00:00+01:00,11.27,11.31,11.19,11.3,10.32,605441,COL.MC
292,2020-01-10 00:00:00+01:00,11.27,11.39,11.27,11.33,10.35,334211,COL.MC
293,2020-01-13 00:00:00+01:00,11.34,11.38,11.26,11.31,10.33,335099,COL.MC
294,2020-01-14 00:00:00+01:00,11.29,11.6,11.29,11.56,10.56,475244,COL.MC
295,2020-01-15 00:00:00+01:00,11.54,11.71,11.52,11.69,10.68,789422,COL.MC
296,2020-01-16 00:00:00+01:00,11.74,11.78,11.55,11.63,10.62,603396,COL.MC
297,2020-01-17 00:00:00+01:00,11.66,11.83,11.65,11.83,10.81,617377,COL.MC
298,2020-01-20 00:00:00+01:00,11.82,11.87,11.72,11.77,10.75,289964,COL.MC
299,2020-01-21 00:00:00+01:00,11.75,11.75,11.63,11.75,10.73,474800,COL.MC
300,2020-01-22 00:00:00+01:00,11.74,11.82,11.68,11.77,10.75,278117,COL.MC
301,2020-01-23 00:00:00+01:00,11.73,11.99,11.7,11.9,10.87,559112,COL.MC
302,2020-01-24 00:00:00+01:00,11.9,12.06,11.9,12.03,10.99,393400,COL.MC
303,2020-01-27 00:00:00+01:00,11.94,11.97,11.86,11.87,10.84,253122,COL.MC
304,2020-01-28 00:00:00+01:00,11.91,12.04,11.91,12.03,10.99,373518,COL.MC
305,2020-01-29 00:00:00+01:00,12.14,12.26,12.02,12.14,11.09,433146,COL.MC
306,2020-01-30 00:00:00+01:00,12.07,12.13,12.02,12.07,11.03,361002,COL.MC
307,2020-01-31 00:00:00+01:00,12.09,12.14,11.93,12.09,11.04,541905,COL.MC
308,2020-02-03 00:00:00+01:00,12.14,12.18,12.04,12.08,11.03,446781,COL.MC
309,2020-02-04 00:00:00+01:00,12.12,12.27,12.09,12.24,11.18,464505,COL.MC
310,2020-02-05 00:00:00+01:00,12.23,12.28,12.09,12.25,11.19,294615,COL.MC
311,2020-02-06 00:00:00+01:00,12.28,12.41,12.16,12.4,11.33,351302,COL.MC
312,2020-02-07 00:00:00+01:00,12.37,12.73,12.35,12.73,11.63,813997,COL.MC
313,2020-02-10 00:00:00+01:00,12.73,12.82,12.57,12.8,11.69,309093,COL.MC
314,2020-02-11 00:00:00+01:00,12.9,13.06,12.78,13.03,11.9,582545,COL.MC
315,2020-02-12 00:00:00+01:00,13.09,13.11,12.98,13.1,11.97,509985,COL.MC
316,2020-02-13 00:00:00+01:00,13.04,13.08,12.9,13.08,11.95,538375,COL.MC
317,2020-02-14 00:00:00+01:00,13.11,13.18,12.97,13.17,12.03,451661,COL.MC
318,2020-02-17 00:00:00+01:00,13.2,13.23,12.99,13.0,11.88,417201,COL.MC
319,2020-02-18 00:00:00+01:00,12.99,13.23,12.96,13.01,11.88,474877,COL.MC
320,2020-02-19 00:00:00+01:00,13.06,13.13,12.93,13.0,11.88,560030,COL.MC
321,2020-02-20 00:00:00+01:00,12.98,13.0,12.79,12.79,11.68,523427,COL.MC
322,2020-02-21 00:00:00+01:00,12.79,12.88,12.76,12.85,11.74,546201,COL.MC
323,2020-02-24 00:00:00+01:00,12.59,12.8,12.49,12.49,11.41,846685,COL.MC
324,2020-02-25 00:00:00+01:00,12.54,12.69,12.22,12.22,11.16,737034,COL.MC
325,2020-02-26 00:00:00+01:00,12.16,12.28,11.97,12.2,11.14,1025896,COL.MC
326,2020-02-27 00:00:00+01:00,12.11,12.22,11.74,11.79,10.77,873423,COL.MC
327,2020-02-28 00:00:00+01:00,11.5,11.8,10.94,11.52,10.52,1551288,COL.MC
328,2020-03-02 00:00:00+01:00,11.63,11.76,11.4,11.52,10.52,948042,COL.MC
329,2020-03-03 00:00:00+01:00,11.65,12.06,11.64,11.94,10.91,1562892,COL.MC
330,2020-03-04 00:00:00+01:00,11.99,12.31,11.89,12.31,11.24,1104275,COL.MC
331,2020-03-05 00:00:00+01:00,12.34,12.43,12.17,12.35,11.28,1023351,COL.MC
332,2020-03-06 00:00:00+01:00,12.21,12.22,11.84,11.98,10.94,1047582,COL.MC
333,2020-03-09 00:00:00+01:00,11.1,11.53,10.58,11.24,10.27,1032510,COL.MC
334,2020-03-10 00:00:00+01:00,11.35,11.6,10.55,10.64,9.72,1674992,COL.MC
335,2020-03-11 00:00:00+01:00,10.68,11.12,10.68,10.69,9.77,1292128,COL.MC
336,2020-03-12 00:00:00+01:00,10.29,10.44,8.94,9.02,8.24,1684403,COL.MC
337,2020-03-13 00:00:00+01:00,10.52,11.24,8.72,8.76,8.0,1408861,COL.MC
338,2020-03-16 00:00:00+01:00,8.43,8.7,7.4,7.68,7.01,1674427,COL.MC
339,2020-03-17 00:00:00+01:00,7.72,8.1,7.1,7.36,6.73,1590565,COL.MC
340,2020-03-18 00:00:00+01:00,7.16,7.39,6.69,6.82,6.23,1257950,COL.MC
341,2020-03-19 00:00:00+01:00,6.88,6.95,6.16,6.35,5.8,1321462,COL.MC
342,2020-03-20 00:00:00+01:00,6.59,7.98,6.1,7.22,6.59,2440063,COL.MC
343,2020-03-23 00:00:00+01:00,6.74,7.21,6.55,6.7,6.12,809903,COL.MC
344,2020-03-24 00:00:00+01:00,6.99,7.24,6.8,6.93,6.33,1005726,COL.MC
345,2020-03-25 00:00:00+01:00,7.38,8.36,7.11,7.38,6.74,1322986,COL.MC
346,2020-03-26 00:00:00+01:00,7.4,8.5,7.21,7.99,7.3,1114960,COL.MC
347,2020-03-27 00:00:00+01:00,7.86,8.39,7.64,8.39,7.66,971272,COL.MC
348,2020-03-30 00:00:00+02:00,8.5,8.5,7.94,8.07,7.37,1150522,COL.MC
349,2020-03-31 00:00:00+02:00,8.22,8.64,8.11,8.64,7.89,1491913,COL.MC
350,2020-04-01 00:00:00+02:00,8.5,8.51,8.14,8.34,7.62,925846,COL.MC
351,2020-04-02 00:00:00+02:00,8.3,8.34,8.06,8.15,7.44,814684,COL.MC
352,2020-04-03 00:00:00+02:00,8.1,8.1,7.8,8.02,7.32,621682,COL.MC
353,2020-04-06 00:00:00+02:00,8.48,8.88,8.28,8.88,8.11,628656,COL.MC
354,2020-04-07 00:00:00+02:00,9.0,9.85,8.52,8.64,7.89,1214036,COL.MC
355,2020-04-08 00:00:00+02:00,8.72,8.93,8.55,8.72,7.97,679130,COL.MC
356,2020-04-09 00:00:00+02:00,8.85,9.09,8.71,8.84,8.08,607509,COL.MC
357,2020-04-14 00:00:00+02:00,9.07,9.1,8.17,8.39,7.66,1406434,COL.MC
358,2020-04-15 00:00:00+02:00,8.2,8.2,7.81,8.04,7.34,1719686,COL.MC
359,2020-04-16 00:00:00+02:00,8.07,8.29,7.93,8.15,7.45,683149,COL.MC
360,2020-04-17 00:00:00+02:00,8.4,8.64,8.16,8.19,7.49,922283,COL.MC
361,2020-04-20 00:00:00+02:00,8.35,8.35,7.8,7.92,7.23,499699,COL.MC
362,2020-04-21 00:00:00+02:00,7.7,7.87,7.57,7.61,6.95,518415,COL.MC
363,2020-04-22 00:00:00+02:00,7.87,7.9,7.69,7.84,7.17,471353,COL.MC
364,2020-04-23 00:00:00+02:00,7.84,8.04,7.75,7.78,7.1,372187,COL.MC
365,2020-04-24 00:00:00+02:00,7.55,7.86,7.55,7.76,7.09,436082,COL.MC
366,2020-04-27 00:00:00+02:00,7.82,8.11,7.82,8.0,7.31,545547,COL.MC
367,2020-04-28 00:00:00+02:00,8.55,8.55,7.99,8.0,7.31,446218,COL.MC
368,2020-04-29 00:00:00+02:00,8.01,8.88,7.97,8.88,8.11,656534,COL.MC
369,2020-04-30 00:00:00+02:00,8.81,8.94,8.53,8.8,8.04,606301,COL.MC
370,2020-05-04 00:00:00+02:00,8.65,8.65,8.2,8.31,7.59,564042,COL.MC
371,2020-05-05 00:00:00+02:00,8.45,8.6,8.35,8.42,7.69,383255,COL.MC
372,2020-05-06 00:00:00+02:00,8.36,8.41,8.17,8.2,7.49,483700,COL.MC
373,2020-05-07 00:00:00+02:00,8.1,8.16,8.0,8.0,7.31,620817,COL.MC
374,2020-05-08 00:00:00+02:00,8.05,8.1,7.99,8.05,7.35,286040,COL.MC
375,2020-05-11 00:00:00+02:00,7.97,8.14,7.83,7.87,7.19,481432,COL.MC
376,2020-05-12 00:00:00+02:00,7.76,7.81,7.61,7.65,6.99,545480,COL.MC
377,2020-05-13 00:00:00+02:00,7.65,7.86,7.39,7.75,7.08,632402,COL.MC
378,2020-05-14 00:00:00+02:00,7.76,7.89,7.27,7.67,7.01,712968,COL.MC
379,2020-05-15 00:00:00+02:00,7.8,7.8,7.36,7.36,6.72,814842,COL.MC
380,2020-05-18 00:00:00+02:00,7.59,7.62,7.21,7.47,6.82,729510,COL.MC
381,2020-05-19 00:00:00+02:00,7.44,7.91,7.4,7.75,7.08,1609438,COL.MC
382,2020-05-20 00:00:00+02:00,7.8,7.8,7.1,7.36,6.73,1590758,COL.MC
383,2020-05-21 00:00:00+02:00,7.35,7.59,7.14,7.38,6.74,1035181,COL.MC
384,2020-05-22 00:00:00+02:00,7.5,7.62,7.24,7.58,6.92,873608,COL.MC
385,2020-05-25 00:00:00+02:00,7.55,7.77,7.53,7.7,7.04,441072,COL.MC
386,2020-05-26 00:00:00+02:00,7.8,8.11,7.79,7.98,7.29,922240,COL.MC
387,2020-05-27 00:00:00+02:00,8.01,8.37,7.91,8.07,7.38,1238104,COL.MC
388,2020-05-28 00:00:00+02:00,8.31,8.56,8.14,8.44,7.71,1270101,COL.MC
389,2020-05-29 00:00:00+02:00,8.35,8.4,8.08,8.13,7.43,1270995,COL.MC
390,2020-06-01 00:00:00+02:00,8.28,8.39,8.16,8.39,7.66,538822,COL.MC
391,2020-06-02 00:00:00+02:00,8.28,8.92,8.28,8.59,7.84,1211406,COL.MC
392,2020-06-03 00:00:00+02:00,8.76,8.94,8.45,8.94,8.17,675772,COL.MC
393,2020-06-04 00:00:00+02:00,8.71,8.87,8.5,8.62,7.88,1131145,COL.MC
394,2020-06-05 00:00:00+02:00,8.63,9.1,8.63,8.85,8.09,2072728,COL.MC
395,2020-06-08 00:00:00+02:00,8.81,8.93,8.44,8.48,7.74,1220813,COL.MC
396,2020-06-09 00:00:00+02:00,8.55,8.6,8.07,8.41,7.68,1243471,COL.MC
397,2020-06-10 00:00:00+02:00,8.41,8.56,8.31,8.41,7.68,1186372,COL.MC
398,2020-06-11 00:00:00+02:00,8.25,8.25,7.88,8.03,7.34,1023992,COL.MC
399,2020-06-12 00:00:00+02:00,8.0,8.38,7.85,8.18,7.47,1005359,COL.MC
400,2020-06-15 00:00:00+02:00,7.98,8.32,7.86,8.27,7.55,908186,COL.MC
401,2020-06-16 00:00:00+02:00,8.32,8.51,8.19,8.36,7.64,868003,COL.MC
402,2020-06-17 00:00:00+02:00,8.36,8.77,8.35,8.47,7.73,959796,COL.MC
403,2020-06-18 00:00:00+02:00,8.43,8.56,8.14,8.21,7.5,1251079,COL.MC
404,2020-06-19 00:00:00+02:00,8.28,8.28,7.99,8.07,7.37,1871197,COL.MC
405,2020-06-22 00:00:00+02:00,8.05,8.16,7.91,8.06,7.36,818538,COL.MC
406,2020-06-23 00:00:00+02:00,8.15,8.2,8.01,8.09,7.39,480744,COL.MC
407,2020-06-24 00:00:00+02:00,8.14,8.14,7.87,7.91,7.22,706012,COL.MC
408,2020-06-25 00:00:00+02:00,8.01,8.01,7.75,7.93,7.24,632253,COL.MC
409,2020-06-26 00:00:00+02:00,7.94,8.02,7.8,7.9,7.22,626819,COL.MC
410,2020-06-29 00:00:00+02:00,7.8,7.97,7.8,7.93,7.25,938123,COL.MC
411,2020-06-30 00:00:00+02:00,7.95,8.12,7.74,7.84,7.16,933972,COL.MC
412,2020-07-01 00:00:00+02:00,7.95,8.11,7.8,8.05,7.35,585979,COL.MC
413,2020-07-02 00:00:00+02:00,8.08,8.35,8.08,8.23,7.52,587073,COL.MC
414,2020-07-03 00:00:00+02:00,8.25,8.25,8.09,8.23,7.52,371292,COL.MC
415,2020-07-06 00:00:00+02:00,8.36,8.47,8.32,8.4,7.68,430416,COL.MC
416,2020-07-07 00:00:00+02:00,8.39,8.43,8.04,8.11,7.41,614184,COL.MC
417,2020-07-08 00:00:00+02:00,7.96,7.96,7.78,7.81,7.31,663197,COL.MC
418,2020-07-09 00:00:00+02:00,7.92,7.92,7.72,7.74,7.25,696929,COL.MC
419,2020-07-10 00:00:00+02:00,7.71,7.96,7.7,7.89,7.39,454156,COL.MC
420,2020-07-13 00:00:00+02:00,7.98,8.03,7.86,7.9,7.4,488646,COL.MC
421,2020-07-14 00:00:00+02:00,7.93,7.93,7.64,7.64,7.16,807432,COL.MC
422,2020-07-15 00:00:00+02:00,7.72,7.74,7.45,7.5,7.02,1045657,COL.MC
423,2020-07-16 00:00:00+02:00,7.46,7.68,7.37,7.38,6.91,1074172,COL.MC
424,2020-07-17 00:00:00+02:00,7.4,7.45,7.18,7.28,6.82,1290138,COL.MC
425,2020-07-20 00:00:00+02:00,7.32,7.43,7.26,7.33,6.87,509293,COL.MC
426,2020-07-21 00:00:00+02:00,7.39,7.53,7.3,7.3,6.84,1330426,COL.MC
427,2020-07-22 00:00:00+02:00,7.33,7.39,7.22,7.38,6.91,805576,COL.MC
428,2020-07-23 00:00:00+02:00,7.41,7.41,7.14,7.15,6.7,610414,COL.MC
429,2020-07-24 00:00:00+02:00,7.1,7.15,6.97,7.09,6.64,765897,COL.MC
430,2020-07-27 00:00:00+02:00,7.05,7.05,6.82,6.84,6.41,1076531,COL.MC
431,2020-07-28 00:00:00+02:00,6.9,7.11,6.87,7.11,6.66,595930,COL.MC
432,2020-07-29 00:00:00+02:00,7.1,7.24,7.0,7.2,6.74,635145,COL.MC
433,2020-07-30 00:00:00+02:00,7.2,7.21,7.01,7.16,6.7,730170,COL.MC
434,2020-07-31 00:00:00+02:00,7.2,7.43,7.11,7.22,6.77,872234,COL.MC
435,2020-08-03 00:00:00+02:00,7.22,7.32,7.01,7.22,6.77,810963,COL.MC
436,2020-08-04 00:00:00+02:00,7.28,7.45,7.27,7.41,6.94,1162036,COL.MC
437,2020-08-05 00:00:00+02:00,7.47,7.55,7.38,7.45,6.98,818330,COL.MC
438,2020-08-06 00:00:00+02:00,7.34,7.38,7.19,7.25,6.79,652480,COL.MC
439,2020-08-07 00:00:00+02:00,7.22,7.34,7.16,7.24,6.78,479035,COL.MC
440,2020-08-10 00:00:00+02:00,7.24,7.38,7.18,7.38,6.91,887045,COL.MC
441,2020-08-11 00:00:00+02:00,7.36,7.57,7.36,7.41,6.94,566969,COL.MC
442,2020-08-12 00:00:00+02:00,7.42,7.44,7.3,7.37,6.9,522438,COL.MC
443,2020-08-13 00:00:00+02:00,7.24,7.43,7.24,7.31,6.85,362765,COL.MC
444,2020-08-14 00:00:00+02:00,7.44,7.44,7.14,7.27,6.81,417132,COL.MC
445,2020-08-17 00:00:00+02:00,7.27,7.36,7.15,7.2,6.74,470343,COL.MC
446,2020-08-18 00:00:00+02:00,7.15,7.27,7.12,7.13,6.68,367217,COL.MC
447,2020-08-19 00:00:00+02:00,7.14,7.19,7.06,7.09,6.64,412947,COL.MC
448,2020-08-20 00:00:00+02:00,7.05,7.49,7.05,7.45,6.98,723356,COL.MC
449,2020-08-21 00:00:00+02:00,7.46,7.55,7.36,7.4,6.93,403997,COL.MC
450,2020-08-24 00:00:00+02:00,7.45,7.5,7.36,7.48,7.01,415549,COL.MC
451,2020-08-25 00:00:00+02:00,7.5,7.55,7.26,7.28,6.82,577848,COL.MC
452,2020-08-26 00:00:00+02:00,7.29,7.49,7.25,7.47,6.99,1101547,COL.MC
453,2020-08-27 00:00:00+02:00,7.45,7.55,7.36,7.47,7.0,565640,COL.MC
454,2020-08-28 00:00:00+02:00,7.51,7.59,7.45,7.49,7.01,369849,COL.MC
455,2020-08-31 00:00:00+02:00,7.5,7.53,7.32,7.38,6.91,570244,COL.MC
456,2020-09-01 00:00:00+02:00,7.49,7.49,7.3,7.41,6.94,718589,COL.MC
457,2020-09-02 00:00:00+02:00,7.45,7.57,7.35,7.43,6.96,778836,COL.MC
458,2020-09-03 00:00:00+02:00,7.5,7.66,7.36,7.41,6.94,691484,COL.MC
459,2020-09-04 00:00:00+02:00,7.45,7.45,6.93,6.96,6.52,1124816,COL.MC
460,2020-09-07 00:00:00+02:00,6.98,7.14,6.98,7.08,6.63,764890,COL.MC
461,2020-09-08 00:00:00+02:00,7.08,7.13,6.84,6.89,6.45,578989,COL.MC
462,2020-09-09 00:00:00+02:00,6.85,6.95,6.76,6.93,6.49,1142146,COL.MC
463,2020-09-10 00:00:00+02:00,6.91,6.97,6.86,6.89,6.46,350425,COL.MC
464,2020-09-11 00:00:00+02:00,6.86,6.95,6.83,6.84,6.41,466947,COL.MC
465,2020-09-14 00:00:00+02:00,6.83,6.89,6.75,6.85,6.42,454902,COL.MC
466,2020-09-15 00:00:00+02:00,6.78,6.91,6.78,6.91,6.47,488780,COL.MC
467,2020-09-16 00:00:00+02:00,6.99,7.28,6.95,7.21,6.75,1059469,COL.MC
468,2020-09-17 00:00:00+02:00,7.12,7.39,7.07,7.34,6.87,716344,COL.MC
469,2020-09-18 00:00:00+02:00,7.4,7.4,7.18,7.23,6.77,2140537,COL.MC
470,2020-09-21 00:00:00+02:00,7.18,7.2,6.9,6.96,6.52,1452735,COL.MC
471,2020-09-22 00:00:00+02:00,7.02,7.03,6.92,6.95,6.51,731769,COL.MC
472,2020-09-23 00:00:00+02:00,7.0,7.01,6.75,6.75,6.32,1281451,COL.MC
473,2020-09-24 00:00:00+02:00,6.7,6.97,6.7,6.8,6.37,962714,COL.MC
474,2020-09-25 00:00:00+02:00,6.78,6.83,6.66,6.72,6.3,785936,COL.MC
475,2020-09-28 00:00:00+02:00,6.8,7.05,6.8,7.05,6.6,726312,COL.MC
476,2020-09-29 00:00:00+02:00,7.03,7.03,6.86,6.89,6.46,402212,COL.MC
477,2020-09-30 00:00:00+02:00,6.85,7.12,6.78,7.05,6.61,1226704,COL.MC
478,2020-10-01 00:00:00+02:00,7.12,7.22,7.05,7.2,6.74,1221849,COL.MC
479,2020-10-02 00:00:00+02:00,7.17,7.26,7.11,7.26,6.8,1351014,COL.MC
480,2020-10-05 00:00:00+02:00,7.3,7.32,7.23,7.3,6.84,842903,COL.MC
481,2020-10-06 00:00:00+02:00,7.3,7.49,7.28,7.44,6.97,517551,COL.MC
482,2020-10-07 00:00:00+02:00,7.39,7.45,7.21,7.24,6.79,1169159,COL.MC
483,2020-10-08 00:00:00+02:00,7.33,7.43,7.28,7.3,6.83,377006,COL.MC
484,2020-10-09 00:00:00+02:00,7.3,7.36,7.2,7.22,6.76,381559,COL.MC
485,2020-10-12 00:00:00+02:00,7.24,7.31,7.09,7.12,6.67,1108742,COL.MC
486,2020-10-13 00:00:00+02:00,7.0,7.28,6.89,6.95,6.5,683321,COL.MC
487,2020-10-14 00:00:00+02:00,6.95,6.95,6.76,6.76,6.34,623315,COL.MC
488,2020-10-15 00:00:00+02:00,6.74,6.89,6.68,6.84,6.41,924356,COL.MC
489,2020-10-16 00:00:00+02:00,6.86,6.89,6.55,6.55,6.13,1234174,COL.MC
490,2020-10-19 00:00:00+02:00,6.5,6.69,6.5,6.55,6.13,885026,COL.MC
491,2020-10-20 00:00:00+02:00,6.57,6.74,6.5,6.66,6.24,1075328,COL.MC
492,2020-10-21 00:00:00+02:00,6.7,6.7,6.43,6.49,6.08,754420,COL.MC
493,2020-10-22 00:00:00+02:00,6.47,6.7,6.43,6.62,6.2,1004912,COL.MC
494,2020-10-23 00:00:00+02:00,6.56,6.67,6.55,6.62,6.2,504954,COL.MC
495,2020-10-26 00:00:00+01:00,6.5,6.55,6.44,6.49,6.08,803830,COL.MC
496,2020-10-27 00:00:00+01:00,6.51,6.51,6.16,6.17,5.78,1031898,COL.MC
497,2020-10-28 00:00:00+01:00,6.1,6.1,5.89,6.02,5.64,1259504,COL.MC
498,2020-10-29 00:00:00+01:00,6.05,6.14,5.79,5.98,5.6,1021730,COL.MC
499,2020-10-30 00:00:00+01:00,5.9,6.11,5.88,6.11,5.72,883479,COL.MC
500,2020-11-02 00:00:00+01:00,6.09,6.23,5.99,6.22,5.82,850483,COL.MC
501,2020-11-03 00:00:00+01:00,6.24,6.47,6.2,6.47,6.06,1054114,COL.MC
502,2020-11-04 00:00:00+01:00,6.41,6.55,6.3,6.51,6.1,730928,COL.MC
503,2020-11-05 00:00:00+01:00,6.55,6.64,6.46,6.49,6.08,879491,COL.MC
504,2020-11-06 00:00:00+01:00,6.51,6.64,6.49,6.55,6.14,728632,COL.MC
505,2020-11-09 00:00:00+01:00,6.66,7.84,6.66,7.84,7.34,3112740,COL.MC
506,2020-11-10 00:00:00+01:00,7.55,8.04,7.41,8.04,7.53,2215361,COL.MC
507,2020-11-11 00:00:00+01:00,7.97,8.24,7.86,8.22,7.69,1389685,COL.MC
508,2020-11-12 00:00:00+01:00,8.22,8.26,7.97,8.12,7.61,997790,COL.MC
509,2020-11-13 00:00:00+01:00,8.15,8.16,7.99,8.11,7.6,702977,COL.MC
510,2020-11-16 00:00:00+01:00,8.14,8.72,8.13,8.55,8.01,1340296,COL.MC
511,2020-11-17 00:00:00+01:00,8.55,8.59,8.12,8.31,7.79,673899,COL.MC
512,2020-11-18 00:00:00+01:00,8.31,8.47,8.2,8.41,7.88,627753,COL.MC
513,2020-11-19 00:00:00+01:00,8.31,8.31,8.16,8.24,7.72,1144157,COL.MC
514,2020-11-20 00:00:00+01:00,8.27,8.35,8.14,8.2,7.68,741537,COL.MC
515,2020-11-23 00:00:00+01:00,8.32,8.4,8.23,8.25,7.73,512965,COL.MC
516,2020-11-24 00:00:00+01:00,8.3,8.46,8.26,8.37,7.84,684015,COL.MC
517,2020-11-25 00:00:00+01:00,8.36,8.48,8.22,8.24,7.72,388147,COL.MC
518,2020-11-26 00:00:00+01:00,8.33,8.37,8.19,8.23,7.7,346276,COL.MC
519,2020-11-27 00:00:00+01:00,8.27,8.27,8.09,8.11,7.6,471025,COL.MC
520,2020-11-30 00:00:00+01:00,8.09,8.16,7.98,8.0,7.49,803984,COL.MC
521,2020-12-01 00:00:00+01:00,8.05,8.18,7.97,8.07,7.56,519622,COL.MC
522,2020-12-02 00:00:00+01:00,8.0,8.19,8.0,8.15,7.64,606197,COL.MC
523,2020-12-03 00:00:00+01:00,8.1,8.36,8.07,8.34,7.81,506311,COL.MC
524,2020-12-04 00:00:00+01:00,8.34,8.48,8.29,8.44,7.9,430692,COL.MC
525,2020-12-07 00:00:00+01:00,8.35,8.49,8.22,8.4,7.86,377252,COL.MC
526,2020-12-08 00:00:00+01:00,8.39,8.46,8.22,8.26,7.74,319976,COL.MC
527,2020-12-09 00:00:00+01:00,8.35,8.44,8.27,8.35,7.82,483523,COL.MC
528,2020-12-10 00:00:00+01:00,8.38,8.38,8.01,8.06,7.55,601811,COL.MC
529,2020-12-11 00:00:00+01:00,8.1,8.3,7.88,8.19,7.67,604987,COL.MC
530,2020-12-14 00:00:00+01:00,8.11,8.26,8.11,8.15,7.64,385917,COL.MC
531,2020-12-15 00:00:00+01:00,8.2,8.2,8.05,8.15,7.64,466911,COL.MC
532,2020-12-16 00:00:00+01:00,8.21,8.48,8.16,8.32,7.79,611793,COL.MC
533,2020-12-17 00:00:00+01:00,8.25,8.34,8.22,8.29,7.76,453180,COL.MC
534,2020-12-18 00:00:00+01:00,8.26,8.26,7.95,7.96,7.46,1197849,COL.MC
535,2020-12-21 00:00:00+01:00,7.85,7.89,7.51,7.84,7.34,800340,COL.MC
536,2020-12-22 00:00:00+01:00,7.91,8.02,7.78,7.95,7.45,323052,COL.MC
537,2020-12-23 00:00:00+01:00,8.02,8.15,8.01,8.11,7.6,510593,COL.MC
538,2020-12-24 00:00:00+01:00,8.2,8.2,8.01,8.08,7.57,103145,COL.MC
539,2020-12-28 00:00:00+01:00,8.12,8.16,7.95,8.0,7.49,250870,COL.MC
540,2020-12-29 00:00:00+01:00,8.1,8.3,8.06,8.12,7.61,455295,COL.MC
541,2020-12-30 00:00:00+01:00,8.17,8.17,7.99,8.03,7.53,356955,COL.MC
542,2020-12-31 00:00:00+01:00,8.0,8.02,7.89,8.02,7.52,155220,COL.MC
543,2021-01-04 00:00:00+01:00,8.06,8.12,7.87,7.97,7.46,743867,COL.MC
544,2021-01-05 00:00:00+01:00,7.97,8.01,7.84,7.99,7.48,362521,COL.MC
545,2021-01-06 00:00:00+01:00,7.93,8.1,7.88,8.03,7.52,407940,COL.MC
546,2021-01-07 00:00:00+01:00,8.1,8.1,7.86,7.94,7.44,610163,COL.MC
547,2021-01-08 00:00:00+01:00,7.88,7.97,7.82,7.94,7.44,333875,COL.MC
548,2021-01-11 00:00:00+01:00,7.88,7.99,7.8,7.82,7.32,475622,COL.MC
549,2021-01-12 00:00:00+01:00,7.86,7.91,7.77,7.84,7.34,368872,COL.MC
550,2021-01-13 00:00:00+01:00,7.77,8.01,7.77,7.97,7.46,535149,COL.MC
551,2021-01-14 00:00:00+01:00,8.05,8.15,8.0,8.15,7.63,498932,COL.MC
552,2021-01-15 00:00:00+01:00,8.12,8.2,7.99,8.08,7.57,632935,COL.MC
553,2021-01-18 00:00:00+01:00,8.03,8.11,7.95,8.09,7.57,290923,COL.MC
554,2021-01-19 00:00:00+01:00,8.1,8.35,8.05,8.15,7.63,710438,COL.MC
555,2021-01-20 00:00:00+01:00,8.12,8.29,8.12,8.29,7.76,537814,COL.MC
556,2021-01-21 00:00:00+01:00,8.3,8.35,7.84,7.86,7.37,755749,COL.MC
557,2021-01-22 00:00:00+01:00,7.85,7.91,7.76,7.86,7.37,483107,COL.MC
558,2021-01-25 00:00:00+01:00,7.92,7.93,7.73,7.84,7.35,525884,COL.MC
559,2021-01-26 00:00:00+01:00,7.9,8.14,7.86,7.99,7.49,564179,COL.MC
560,2021-01-27 00:00:00+01:00,8.0,8.22,7.95,8.1,7.59,635194,COL.MC
561,2021-01-28 00:00:00+01:00,8.01,8.15,7.8,8.13,7.61,527877,COL.MC
562,2021-01-29 00:00:00+01:00,8.02,8.12,7.91,7.95,7.45,793604,COL.MC
563,2021-02-01 00:00:00+01:00,7.96,8.09,7.93,8.02,7.51,1042525,COL.MC
564,2021-02-02 00:00:00+01:00,8.05,8.11,7.94,8.02,7.51,887067,COL.MC
565,2021-02-03 00:00:00+01:00,8.08,8.15,7.99,8.03,7.53,462358,COL.MC
566,2021-02-04 00:00:00+01:00,8.05,8.11,7.93,8.05,7.53,403456,COL.MC
567,2021-02-05 00:00:00+01:00,8.1,8.15,8.02,8.05,7.53,378694,COL.MC
568,2021-02-08 00:00:00+01:00,8.03,8.12,7.96,8.02,7.52,418530,COL.MC
569,2021-02-09 00:00:00+01:00,8.0,8.01,7.86,7.93,7.42,474141,COL.MC
570,2021-02-10 00:00:00+01:00,7.95,7.95,7.77,7.86,7.37,304859,COL.MC
571,2021-02-11 00:00:00+01:00,7.89,7.89,7.73,7.81,7.31,346731,COL.MC
572,2021-02-12 00:00:00+01:00,7.76,7.86,7.71,7.78,7.29,320372,COL.MC
573,2021-02-15 00:00:00+01:00,7.84,7.89,7.76,7.88,7.38,389623,COL.MC
574,2021-02-16 00:00:00+01:00,7.95,7.95,7.77,7.8,7.3,313366,COL.MC
575,2021-02-17 00:00:00+01:00,7.89,7.89,7.78,7.81,7.31,428626,COL.MC
576,2021-02-18 00:00:00+01:00,7.81,7.88,7.72,7.79,7.3,394798,COL.MC
577,2021-02-19 00:00:00+01:00,7.76,7.82,7.66,7.73,7.24,501171,COL.MC
578,2021-02-22 00:00:00+01:00,7.7,7.95,7.61,7.9,7.4,416450,COL.MC
579,2021-02-23 00:00:00+01:00,7.83,8.26,7.83,8.26,7.73,643328,COL.MC
580,2021-02-24 00:00:00+01:00,8.25,8.33,8.09,8.22,7.69,517884,COL.MC
581,2021-02-25 00:00:00+01:00,8.22,8.34,8.17,8.22,7.69,341504,COL.MC
582,2021-02-26 00:00:00+01:00,8.12,8.14,7.96,8.08,7.57,657815,COL.MC
583,2021-03-01 00:00:00+01:00,8.06,8.33,8.06,8.28,7.76,536956,COL.MC
584,2021-03-02 00:00:00+01:00,8.35,8.55,8.24,8.26,7.74,847671,COL.MC
585,2021-03-03 00:00:00+01:00,8.32,8.44,8.26,8.32,7.79,597618,COL.MC
586,2021-03-04 00:00:00+01:00,8.3,8.39,8.25,8.3,7.77,740017,COL.MC
587,2021-03-05 00:00:00+01:00,8.26,8.34,8.19,8.31,7.79,514387,COL.MC
588,2021-03-08 00:00:00+01:00,8.31,8.47,8.27,8.4,7.87,472100,COL.MC
589,2021-03-09 00:00:00+01:00,8.39,8.55,8.38,8.4,7.87,642995,COL.MC
590,2021-03-10 00:00:00+01:00,8.4,8.61,8.37,8.44,7.9,623358,COL.MC
591,2021-03-11 00:00:00+01:00,8.45,8.51,8.13,8.2,7.68,1077291,COL.MC
592,2021-03-12 00:00:00+01:00,8.19,8.25,8.04,8.23,7.7,1171561,COL.MC
593,2021-03-15 00:00:00+01:00,8.25,8.35,8.21,8.25,7.73,519419,COL.MC
594,2021-03-16 00:00:00+01:00,8.29,8.45,8.26,8.35,7.82,641266,COL.MC
595,2021-03-17 00:00:00+01:00,8.35,8.35,8.2,8.28,7.75,517284,COL.MC
596,2021-03-18 00:00:00+01:00,8.3,8.3,8.17,8.19,7.67,460445,COL.MC
597,2021-03-19 00:00:00+01:00,8.19,8.29,8.06,8.19,7.67,1276396,COL.MC
598,2021-03-22 00:00:00+01:00,8.18,8.18,7.86,7.9,7.4,670766,COL.MC
599,2021-03-23 00:00:00+01:00,7.87,8.02,7.8,8.02,7.51,563533,COL.MC
600,2021-03-24 00:00:00+01:00,7.97,8.2,7.93,8.2,7.68,630646,COL.MC
601,2021-03-25 00:00:00+01:00,8.2,8.2,7.91,8.18,7.66,492376,COL.MC
602,2021-03-26 00:00:00+01:00,8.16,8.24,8.12,8.22,7.69,379739,COL.MC
603,2021-03-29 00:00:00+02:00,8.18,8.3,8.16,8.27,7.74,635365,COL.MC
604,2021-03-30 00:00:00+02:00,8.29,8.44,8.29,8.41,7.88,580876,COL.MC
605,2021-03-31 00:00:00+02:00,8.31,8.52,8.26,8.26,7.73,549943,COL.MC
606,2021-04-01 00:00:00+02:00,8.23,8.38,8.19,8.27,7.75,411606,COL.MC
607,2021-04-06 00:00:00+02:00,8.19,8.38,8.19,8.31,7.78,322596,COL.MC
608,2021-04-07 00:00:00+02:00,8.31,8.43,8.26,8.3,7.77,402628,COL.MC
609,2021-04-08 00:00:00+02:00,8.3,8.3,8.16,8.26,7.73,529948,COL.MC
610,2021-04-09 00:00:00+02:00,8.23,8.27,8.13,8.22,7.69,369522,COL.MC
611,2021-04-12 00:00:00+02:00,8.15,8.24,8.07,8.15,7.63,2095981,COL.MC
612,2021-04-13 00:00:00+02:00,8.14,8.22,8.1,8.22,7.69,1020015,COL.MC
613,2021-04-14 00:00:00+02:00,8.23,8.34,8.2,8.27,7.75,1541594,COL.MC
614,2021-04-15 00:00:00+02:00,8.3,8.31,8.15,8.16,7.65,1073998,COL.MC
615,2021-04-16 00:00:00+02:00,8.22,8.27,8.11,8.16,7.65,406577,COL.MC
616,2021-04-19 00:00:00+02:00,8.1,8.31,8.1,8.31,7.78,509514,COL.MC
617,2021-04-20 00:00:00+02:00,8.31,8.39,8.25,8.39,7.86,511110,COL.MC
618,2021-04-21 00:00:00+02:00,8.4,8.44,8.27,8.3,7.77,306145,COL.MC
619,2021-04-22 00:00:00+02:00,8.35,8.4,8.29,8.38,7.84,478128,COL.MC
620,2021-04-23 00:00:00+02:00,8.42,8.42,8.27,8.28,7.76,337516,COL.MC
621,2021-04-26 00:00:00+02:00,8.27,8.49,8.27,8.47,7.93,325636,COL.MC
622,2021-04-27 00:00:00+02:00,8.47,8.52,8.38,8.48,7.94,264865,COL.MC
623,2021-04-28 00:00:00+02:00,8.52,8.59,8.42,8.42,7.89,430914,COL.MC
624,2021-04-29 00:00:00+02:00,8.44,8.52,8.4,8.5,7.96,471576,COL.MC
625,2021-04-30 00:00:00+02:00,8.45,8.51,8.4,8.44,7.9,494247,COL.MC
626,2021-05-03 00:00:00+02:00,8.47,8.52,8.4,8.47,7.93,468684,COL.MC
627,2021-05-04 00:00:00+02:00,8.52,8.84,8.47,8.72,8.17,758899,COL.MC
628,2021-05-05 00:00:00+02:00,8.73,8.8,8.51,8.58,8.04,608626,COL.MC
629,2021-05-06 00:00:00+02:00,8.56,8.76,8.53,8.76,8.2,601682,COL.MC
630,2021-05-07 00:00:00+02:00,8.77,8.83,8.67,8.83,8.27,529676,COL.MC
631,2021-05-10 00:00:00+02:00,8.91,9.16,8.86,9.12,8.55,640254,COL.MC
632,2021-05-11 00:00:00+02:00,9.1,9.12,8.98,9.05,8.48,670033,COL.MC
633,2021-05-12 00:00:00+02:00,9.07,9.15,8.89,8.9,8.34,395338,COL.MC
634,2021-05-13 00:00:00+02:00,8.88,8.89,8.64,8.8,8.24,224250,COL.MC
635,2021-05-14 00:00:00+02:00,8.84,8.97,8.82,8.94,8.38,237009,COL.MC
636,2021-05-17 00:00:00+02:00,8.97,9.08,8.81,8.85,8.29,340870,COL.MC
637,2021-05-18 00:00:00+02:00,8.63,8.77,8.47,8.71,8.16,961837,COL.MC
638,2021-05-19 00:00:00+02:00,8.65,8.81,8.62,8.68,8.12,454419,COL.MC
639,2021-05-20 00:00:00+02:00,8.81,8.81,8.52,8.62,8.07,379350,COL.MC
640,2021-05-21 00:00:00+02:00,8.62,8.73,8.5,8.65,8.11,588098,COL.MC
641,2021-05-24 00:00:00+02:00,8.69,8.84,8.57,8.84,8.28,212609,COL.MC
642,2021-05-25 00:00:00+02:00,8.74,8.92,8.69,8.81,8.25,351475,COL.MC
643,2021-05-26 00:00:00+02:00,8.85,8.86,8.68,8.82,8.26,468873,COL.MC
644,2021-05-27 00:00:00+02:00,8.85,9.11,8.85,9.01,8.43,1246370,COL.MC
645,2021-05-28 00:00:00+02:00,9.11,9.22,9.05,9.11,8.54,549300,COL.MC
646,2021-05-31 00:00:00+02:00,9.16,9.18,9.08,9.12,8.54,257480,COL.MC
647,2021-06-01 00:00:00+02:00,9.25,9.25,9.06,9.15,8.57,345183,COL.MC
648,2021-06-02 00:00:00+02:00,9.18,9.26,9.14,9.21,8.63,469163,COL.MC
649,2021-06-03 00:00:00+02:00,9.22,9.31,9.01,9.3,8.71,809186,COL.MC
650,2021-06-04 00:00:00+02:00,9.38,9.6,9.07,9.21,8.63,1400779,COL.MC
651,2021-06-07 00:00:00+02:00,9.08,9.24,9.06,9.24,8.65,806680,COL.MC
652,2021-06-08 00:00:00+02:00,9.24,9.41,9.15,9.4,8.8,848222,COL.MC
653,2021-06-09 00:00:00+02:00,9.33,9.53,9.27,9.52,8.92,607321,COL.MC
654,2021-06-10 00:00:00+02:00,9.52,9.57,9.44,9.57,8.97,584311,COL.MC
655,2021-06-11 00:00:00+02:00,9.55,9.55,9.4,9.45,8.86,663796,COL.MC
656,2021-06-14 00:00:00+02:00,9.43,9.51,9.4,9.51,8.9,586131,COL.MC
657,2021-06-15 00:00:00+02:00,9.47,9.47,9.34,9.38,8.78,572836,COL.MC
658,2021-06-16 00:00:00+02:00,9.35,9.39,9.22,9.22,8.64,1073875,COL.MC
659,2021-06-17 00:00:00+02:00,9.11,9.24,9.05,9.15,8.57,1569047,COL.MC
660,2021-06-18 00:00:00+02:00,9.15,9.16,8.84,8.87,8.31,2166889,COL.MC
661,2021-06-21 00:00:00+02:00,8.8,8.97,8.73,8.9,8.34,833956,COL.MC
662,2021-06-22 00:00:00+02:00,8.92,9.05,8.89,8.98,8.41,496219,COL.MC
663,2021-06-23 00:00:00+02:00,8.97,8.98,8.86,8.86,8.3,513663,COL.MC
664,2021-06-24 00:00:00+02:00,8.9,8.92,8.82,8.86,8.3,399323,COL.MC
665,2021-06-25 00:00:00+02:00,8.89,8.89,8.81,8.81,8.26,442449,COL.MC
666,2021-06-28 00:00:00+02:00,8.81,8.82,8.6,8.6,8.05,584551,COL.MC
667,2021-06-29 00:00:00+02:00,8.55,8.69,8.53,8.57,8.03,332274,COL.MC
668,2021-06-30 00:00:00+02:00,8.57,8.6,8.46,8.52,7.97,576909,COL.MC
669,2021-07-01 00:00:00+02:00,8.55,8.68,8.55,8.66,8.11,488363,COL.MC
670,2021-07-02 00:00:00+02:00,8.72,8.78,8.68,8.77,8.21,374952,COL.MC
671,2021-07-05 00:00:00+02:00,8.79,8.87,8.75,8.86,8.3,311981,COL.MC
672,2021-07-06 00:00:00+02:00,8.85,8.94,8.83,8.89,8.32,623947,COL.MC
673,2021-07-07 00:00:00+02:00,8.9,9.03,8.87,8.94,8.37,602036,COL.MC
674,2021-07-08 00:00:00+02:00,8.93,8.95,8.78,8.8,8.24,457514,COL.MC
675,2021-07-09 00:00:00+02:00,8.82,9.08,8.81,9.04,8.47,577633,COL.MC
676,2021-07-12 00:00:00+02:00,8.87,9.09,8.82,9.06,8.7,589084,COL.MC
677,2021-07-13 00:00:00+02:00,9.06,9.06,8.78,8.81,8.46,471153,COL.MC
678,2021-07-14 00:00:00+02:00,8.79,8.81,8.63,8.66,8.32,516294,COL.MC
679,2021-07-15 00:00:00+02:00,8.64,8.65,8.53,8.56,8.22,423597,COL.MC
680,2021-07-16 00:00:00+02:00,8.59,8.73,8.52,8.66,8.31,639892,COL.MC
681,2021-07-19 00:00:00+02:00,8.57,8.65,8.36,8.5,8.16,700332,COL.MC
682,2021-07-20 00:00:00+02:00,8.5,8.77,8.4,8.73,8.38,744752,COL.MC
683,2021-07-21 00:00:00+02:00,8.55,8.98,8.55,8.95,8.59,708847,COL.MC
684,2021-07-22 00:00:00+02:00,8.8,9.03,8.8,8.85,8.49,542879,COL.MC
685,2021-07-23 00:00:00+02:00,8.82,9.03,8.82,8.98,8.62,625023,COL.MC
686,2021-07-26 00:00:00+02:00,8.9,9.02,8.87,8.97,8.61,718450,COL.MC
687,2021-07-27 00:00:00+02:00,8.93,9.04,8.93,9.02,8.66,606961,COL.MC
688,2021-07-28 00:00:00+02:00,9.0,9.16,8.97,9.0,8.64,828418,COL.MC
689,2021-07-29 00:00:00+02:00,9.0,9.05,8.94,8.94,8.58,701934,COL.MC
690,2021-07-30 00:00:00+02:00,8.91,9.09,8.9,8.99,8.63,838814,COL.MC
691,2021-08-02 00:00:00+02:00,9.04,9.26,9.04,9.18,8.81,763238,COL.MC
692,2021-08-03 00:00:00+02:00,9.16,9.27,8.94,8.96,8.6,545800,COL.MC
693,2021-08-04 00:00:00+02:00,9.19,9.19,8.94,9.06,8.69,439375,COL.MC
694,2021-08-05 00:00:00+02:00,9.14,9.32,9.05,9.3,8.93,456293,COL.MC
695,2021-08-06 00:00:00+02:00,9.26,9.44,9.2,9.4,9.03,577896,COL.MC
696,2021-08-09 00:00:00+02:00,9.35,9.44,9.25,9.28,8.91,383145,COL.MC
697,2021-08-10 00:00:00+02:00,9.27,9.36,9.15,9.22,8.85,458403,COL.MC
698,2021-08-11 00:00:00+02:00,9.1,9.35,9.1,9.32,8.95,453487,COL.MC
699,2021-08-12 00:00:00+02:00,9.39,9.42,9.32,9.35,8.98,298978,COL.MC
700,2021-08-13 00:00:00+02:00,9.35,9.53,9.33,9.45,9.08,443777,COL.MC
701,2021-08-16 00:00:00+02:00,9.4,9.54,9.4,9.52,9.13,442038,COL.MC
702,2021-08-17 00:00:00+02:00,9.35,9.47,9.31,9.33,8.96,326487,COL.MC
703,2021-08-18 00:00:00+02:00,9.23,9.44,9.16,9.4,9.02,250967,COL.MC
704,2021-08-19 00:00:00+02:00,9.4,9.4,9.28,9.3,8.93,597819,COL.MC
705,2021-08-20 00:00:00+02:00,9.33,9.37,9.18,9.22,8.85,452957,COL.MC
706,2021-08-23 00:00:00+02:00,9.27,9.31,9.15,9.15,8.79,489585,COL.MC
707,2021-08-24 00:00:00+02:00,9.17,9.25,9.11,9.15,8.78,345165,COL.MC
708,2021-08-25 00:00:00+02:00,9.23,9.25,8.99,8.99,8.63,558037,COL.MC
709,2021-08-26 00:00:00+02:00,9.08,9.08,8.85,8.89,8.53,558827,COL.MC
710,2021-08-27 00:00:00+02:00,8.93,9.23,8.91,9.18,8.81,392720,COL.MC
711,2021-08-30 00:00:00+02:00,9.23,9.23,9.12,9.19,8.83,231449,COL.MC
712,2021-08-31 00:00:00+02:00,9.26,9.27,9.11,9.16,8.8,616235,COL.MC
713,2021-09-01 00:00:00+02:00,9.27,9.33,9.23,9.24,8.87,451139,COL.MC
714,2021-09-02 00:00:00+02:00,9.37,9.37,9.05,9.05,8.68,553540,COL.MC
715,2021-09-03 00:00:00+02:00,9.03,9.09,8.78,8.78,8.43,884409,COL.MC
716,2021-09-06 00:00:00+02:00,8.82,8.85,8.72,8.73,8.39,361664,COL.MC
717,2021-09-07 00:00:00+02:00,8.74,8.77,8.55,8.67,8.32,809369,COL.MC
718,2021-09-08 00:00:00+02:00,8.64,8.64,8.44,8.44,8.1,1371476,COL.MC
719,2021-09-09 00:00:00+02:00,8.4,8.58,8.4,8.52,8.17,989420,COL.MC
720,2021-09-10 00:00:00+02:00,8.52,8.53,8.39,8.4,8.07,1097138,COL.MC
721,2021-09-13 00:00:00+02:00,8.44,8.9,8.43,8.73,8.39,1016886,COL.MC
722,2021-09-14 00:00:00+02:00,8.69,8.97,8.69,8.84,8.48,680380,COL.MC
723,2021-09-15 00:00:00+02:00,8.9,8.9,8.68,8.68,8.33,652399,COL.MC
724,2021-09-16 00:00:00+02:00,8.66,8.9,8.66,8.74,8.39,865527,COL.MC
725,2021-09-17 00:00:00+02:00,8.75,9.01,8.74,8.74,8.39,3113864,COL.MC
726,2021-09-20 00:00:00+02:00,8.7,8.76,8.55,8.72,8.37,499671,COL.MC
727,2021-09-21 00:00:00+02:00,8.81,8.87,8.6,8.86,8.51,445045,COL.MC
728,2021-09-22 00:00:00+02:00,8.94,8.95,8.76,8.76,8.4,540810,COL.MC
729,2021-09-23 00:00:00+02:00,8.91,8.93,8.81,8.84,8.49,571857,COL.MC
730,2021-09-24 00:00:00+02:00,8.82,8.86,8.7,8.71,8.36,325558,COL.MC
731,2021-09-27 00:00:00+02:00,8.8,8.91,8.76,8.83,8.48,520735,COL.MC
732,2021-09-28 00:00:00+02:00,8.85,8.89,8.45,8.46,8.12,638406,COL.MC
733,2021-09-29 00:00:00+02:00,8.52,8.57,8.43,8.43,8.09,650761,COL.MC
734,2021-09-30 00:00:00+02:00,8.52,8.59,8.38,8.38,8.04,1089469,COL.MC
735,2021-10-01 00:00:00+02:00,8.31,8.57,7.93,8.47,8.13,7983348,COL.MC
736,2021-10-04 00:00:00+02:00,8.45,8.55,8.38,8.38,8.04,689088,COL.MC
737,2021-10-05 00:00:00+02:00,8.39,8.44,8.35,8.39,8.05,587146,COL.MC
738,2021-10-06 00:00:00+02:00,8.32,8.38,8.21,8.35,8.02,759553,COL.MC
739,2021-10-07 00:00:00+02:00,8.45,8.45,8.32,8.4,8.06,837726,COL.MC
740,2021-10-08 00:00:00+02:00,8.34,8.41,8.32,8.32,7.99,939663,COL.MC
741,2021-10-11 00:00:00+02:00,8.29,8.35,8.23,8.35,8.02,1138537,COL.MC
742,2021-10-12 00:00:00+02:00,8.23,8.44,8.23,8.39,8.05,679420,COL.MC
743,2021-10-13 00:00:00+02:00,8.41,8.41,8.3,8.35,8.01,654478,COL.MC
744,2021-10-14 00:00:00+02:00,8.36,8.48,8.34,8.45,8.11,482862,COL.MC
745,2021-10-15 00:00:00+02:00,8.4,8.51,8.37,8.49,8.15,749542,COL.MC
746,2021-10-18 00:00:00+02:00,8.49,8.49,8.34,8.42,8.08,524329,COL.MC
747,2021-10-19 00:00:00+02:00,8.45,8.47,8.38,8.44,8.1,585570,COL.MC
748,2021-10-20 00:00:00+02:00,8.38,8.45,8.32,8.32,7.99,875096,COL.MC
749,2021-10-21 00:00:00+02:00,8.34,8.45,8.28,8.33,8.0,667126,COL.MC
750,2021-10-22 00:00:00+02:00,8.43,8.43,8.31,8.31,7.98,329215,COL.MC
751,2021-10-25 00:00:00+02:00,8.47,8.47,8.25,8.25,7.92,470592,COL.MC
752,2021-10-26 00:00:00+02:00,8.2,8.48,8.18,8.38,8.04,427271,COL.MC
753,2021-10-27 00:00:00+02:00,8.34,8.54,8.34,8.48,8.14,501125,COL.MC
754,2021-10-28 00:00:00+02:00,8.43,8.61,8.43,8.58,8.24,914718,COL.MC
755,2021-10-29 00:00:00+02:00,8.5,8.56,8.4,8.41,8.07,800962,COL.MC
756,2021-11-01 00:00:00+01:00,8.34,8.43,8.23,8.31,7.98,502461,COL.MC
757,2021-11-02 00:00:00+01:00,8.48,8.48,8.25,8.25,7.92,565107,COL.MC
758,2021-11-03 00:00:00+01:00,8.26,8.27,8.13,8.26,7.92,572655,COL.MC
759,2021-11-04 00:00:00+01:00,8.3,8.52,8.3,8.49,8.15,609230,COL.MC
760,2021-11-05 00:00:00+01:00,8.5,8.7,8.35,8.68,8.33,646750,COL.MC
761,2021-11-08 00:00:00+01:00,8.68,8.74,8.55,8.57,8.23,663009,COL.MC
762,2021-11-09 00:00:00+01:00,8.56,8.62,8.52,8.57,8.23,460162,COL.MC
763,2021-11-10 00:00:00+01:00,8.56,8.65,8.48,8.5,8.16,389332,COL.MC
764,2021-11-11 00:00:00+01:00,8.4,8.49,8.35,8.41,8.08,553044,COL.MC
765,2021-11-12 00:00:00+01:00,8.38,8.49,8.36,8.48,8.14,556389,COL.MC
766,2021-11-15 00:00:00+01:00,8.46,8.65,8.41,8.58,8.24,558418,COL.MC
767,2021-11-16 00:00:00+01:00,8.6,8.69,8.56,8.57,8.23,504837,COL.MC
768,2021-11-17 00:00:00+01:00,8.72,8.72,8.34,8.35,8.01,530721,COL.MC
769,2021-11-18 00:00:00+01:00,8.55,8.55,7.99,8.23,7.9,1111574,COL.MC
770,2021-11-19 00:00:00+01:00,8.1,8.25,8.02,8.07,7.75,911747,COL.MC
771,2021-11-22 00:00:00+01:00,8.03,8.17,8.03,8.1,7.77,645890,COL.MC
772,2021-11-23 00:00:00+01:00,8.27,8.3,8.18,8.18,7.85,878758,COL.MC
773,2021-11-24 00:00:00+01:00,8.18,8.4,8.18,8.37,8.03,570891,COL.MC
774,2021-11-25 00:00:00+01:00,8.36,8.52,8.31,8.51,8.16,458063,COL.MC
775,2021-11-26 00:00:00+01:00,8.2,8.34,8.13,8.16,7.84,1008458,COL.MC
776,2021-11-29 00:00:00+01:00,8.24,8.34,8.19,8.23,7.9,627236,COL.MC
777,2021-11-30 00:00:00+01:00,8.15,8.22,8.0,8.0,7.68,1184356,COL.MC
778,2021-12-01 00:00:00+01:00,7.89,8.01,7.75,7.89,7.57,1120898,COL.MC
779,2021-12-02 00:00:00+01:00,7.79,7.91,7.78,7.85,7.54,797405,COL.MC
780,2021-12-03 00:00:00+01:00,7.86,7.95,7.77,7.78,7.46,993392,COL.MC
781,2021-12-06 00:00:00+01:00,7.82,7.92,7.78,7.89,7.57,407636,COL.MC
782,2021-12-07 00:00:00+01:00,8.04,8.1,7.91,7.93,7.61,526657,COL.MC
783,2021-12-08 00:00:00+01:00,7.9,8.09,7.86,7.96,7.64,972927,COL.MC
784,2021-12-09 00:00:00+01:00,7.89,8.08,7.89,7.97,7.65,744655,COL.MC
785,2021-12-10 00:00:00+01:00,7.89,8.06,7.89,8.05,7.73,688617,COL.MC
786,2021-12-13 00:00:00+01:00,8.21,8.21,7.81,7.86,7.55,540911,COL.MC
787,2021-12-14 00:00:00+01:00,7.82,8.01,7.82,7.91,7.59,743418,COL.MC
788,2021-12-15 00:00:00+01:00,8.06,8.06,7.91,7.93,7.61,422364,COL.MC
789,2021-12-16 00:00:00+01:00,7.99,8.03,7.93,7.97,7.65,540372,COL.MC
790,2021-12-17 00:00:00+01:00,7.92,8.07,7.91,8.03,7.71,2201532,COL.MC
791,2021-12-20 00:00:00+01:00,7.83,7.91,7.8,7.88,7.56,944680,COL.MC
792,2021-12-21 00:00:00+01:00,7.93,8.08,7.93,8.05,7.72,330495,COL.MC
793,2021-12-22 00:00:00+01:00,8.1,8.12,8.03,8.09,7.77,251342,COL.MC
794,2021-12-23 00:00:00+01:00,8.05,8.17,8.05,8.12,7.8,234610,COL.MC
795,2021-12-27 00:00:00+01:00,8.18,8.21,8.08,8.15,7.82,301549,COL.MC
796,2021-12-28 00:00:00+01:00,8.18,8.2,8.11,8.2,7.87,242663,COL.MC
797,2021-12-29 00:00:00+01:00,8.24,8.24,8.14,8.19,7.86,228639,COL.MC
798,2021-12-30 00:00:00+01:00,8.14,8.25,8.14,8.25,7.92,379839,COL.MC
799,2022-01-03 00:00:00+01:00,8.26,8.33,8.22,8.32,7.99,622039,COL.MC
800,2022-01-04 00:00:00+01:00,8.39,8.43,8.3,8.43,8.09,605033,COL.MC
801,2022-01-05 00:00:00+01:00,8.41,8.47,8.35,8.41,8.07,623772,COL.MC
802,2022-01-06 00:00:00+01:00,8.34,8.44,8.26,8.4,8.07,586524,COL.MC
803,2022-01-07 00:00:00+01:00,8.47,8.47,8.19,8.27,7.93,511685,COL.MC
804,2022-01-10 00:00:00+01:00,8.22,8.31,8.16,8.31,7.98,834175,COL.MC
805,2022-01-11 00:00:00+01:00,8.37,8.4,8.3,8.39,8.05,594421,COL.MC
806,2022-01-12 00:00:00+01:00,8.4,8.45,8.3,8.35,8.01,469469,COL.MC
807,2022-01-13 00:00:00+01:00,8.3,8.4,8.29,8.34,8.01,343601,COL.MC
808,2022-01-14 00:00:00+01:00,8.2,8.38,8.2,8.31,7.98,499906,COL.MC
809,2022-01-17 00:00:00+01:00,8.36,8.36,8.23,8.26,7.93,644092,COL.MC
810,2022-01-18 00:00:00+01:00,8.2,8.25,8.11,8.18,7.85,658152,COL.MC
811,2022-01-19 00:00:00+01:00,8.03,8.22,8.03,8.19,7.86,683661,COL.MC
812,2022-01-20 00:00:00+01:00,8.12,8.18,8.09,8.15,7.82,559626,COL.MC
813,2022-01-21 00:00:00+01:00,8.09,8.11,8.01,8.02,7.7,606998,COL.MC
814,2022-01-24 00:00:00+01:00,8.1,8.1,7.66,7.7,7.4,848249,COL.MC
815,2022-01-25 00:00:00+01:00,7.73,7.77,7.59,7.7,7.39,4242569,COL.MC
816,2022-01-26 00:00:00+01:00,7.66,7.9,7.66,7.82,7.51,486689,COL.MC
817,2022-01-27 00:00:00+01:00,7.78,7.91,7.74,7.84,7.53,523735,COL.MC
818,2022-01-28 00:00:00+01:00,7.86,7.86,7.73,7.82,7.51,496146,COL.MC
819,2022-01-31 00:00:00+01:00,7.95,7.95,7.76,7.84,7.53,725262,COL.MC
820,2022-02-01 00:00:00+01:00,7.89,7.9,7.78,7.8,7.49,446957,COL.MC
821,2022-02-02 00:00:00+01:00,7.78,7.87,7.77,7.8,7.49,1038456,COL.MC
822,2022-02-03 00:00:00+01:00,7.72,7.82,7.68,7.68,7.38,473391,COL.MC
823,2022-02-04 00:00:00+01:00,7.68,7.69,7.4,7.4,7.1,601116,COL.MC
824,2022-02-07 00:00:00+01:00,7.5,7.5,7.27,7.27,6.98,765298,COL.MC
825,2022-02-08 00:00:00+01:00,7.26,7.36,7.22,7.3,7.01,475821,COL.MC
826,2022-02-09 00:00:00+01:00,7.4,7.51,7.34,7.49,7.19,681953,COL.MC
827,2022-02-10 00:00:00+01:00,7.57,7.7,7.57,7.69,7.38,570975,COL.MC
828,2022-02-11 00:00:00+01:00,7.76,7.76,7.55,7.64,7.33,561807,COL.MC
829,2022-02-14 00:00:00+01:00,7.7,7.7,7.45,7.49,7.19,701075,COL.MC
830,2022-02-15 00:00:00+01:00,7.79,7.79,7.44,7.59,7.29,588966,COL.MC
831,2022-02-16 00:00:00+01:00,7.65,7.8,7.62,7.76,7.44,465453,COL.MC
832,2022-02-17 00:00:00+01:00,7.82,7.82,7.7,7.73,7.42,585640,COL.MC
833,2022-02-18 00:00:00+01:00,7.8,7.82,7.64,7.64,7.33,625587,COL.MC
834,2022-02-21 00:00:00+01:00,7.67,7.7,7.5,7.55,7.24,457582,COL.MC
835,2022-02-22 00:00:00+01:00,7.49,7.62,7.36,7.53,7.23,638430,COL.MC
836,2022-02-23 00:00:00+01:00,7.55,7.66,7.5,7.54,7.24,584958,COL.MC
837,2022-02-24 00:00:00+01:00,7.35,7.51,7.2,7.38,7.08,887029,COL.MC
838,2022-02-25 00:00:00+01:00,7.58,7.7,7.43,7.7,7.39,688861,COL.MC
839,2022-02-28 00:00:00+01:00,7.51,7.67,7.45,7.55,7.25,882715,COL.MC
840,2022-03-01 00:00:00+01:00,7.55,7.8,7.51,7.54,7.24,1009035,COL.MC
841,2022-03-02 00:00:00+01:00,7.68,7.9,7.49,7.84,7.52,1017765,COL.MC
842,2022-03-03 00:00:00+01:00,7.8,7.89,7.54,7.55,7.25,901828,COL.MC
843,2022-03-04 00:00:00+01:00,7.53,7.61,7.28,7.28,6.98,1017072,COL.MC
844,2022-03-07 00:00:00+01:00,7.22,7.3,6.93,7.24,6.95,1258185,COL.MC
845,2022-03-08 00:00:00+01:00,7.18,7.59,7.18,7.32,7.03,1206858,COL.MC
846,2022-03-09 00:00:00+01:00,7.38,7.66,7.35,7.65,7.34,1606335,COL.MC
847,2022-03-10 00:00:00+01:00,7.66,7.81,7.52,7.7,7.39,1075833,COL.MC
848,2022-03-11 00:00:00+01:00,7.7,7.97,7.7,7.91,7.59,919874,COL.MC
849,2022-03-14 00:00:00+01:00,7.98,8.11,7.86,7.99,7.67,740261,COL.MC
850,2022-03-15 00:00:00+01:00,7.94,8.09,7.93,8.03,7.71,1107713,COL.MC
851,2022-03-16 00:00:00+01:00,8.15,8.28,8.06,8.15,7.82,1253462,COL.MC
852,2022-03-17 00:00:00+01:00,8.0,8.21,8.0,8.16,7.83,816358,COL.MC
853,2022-03-18 00:00:00+01:00,8.3,8.3,8.01,8.16,7.84,1386425,COL.MC
854,2022-03-21 00:00:00+01:00,8.2,8.2,8.07,8.09,7.77,596738,COL.MC
855,2022-03-22 00:00:00+01:00,8.08,8.27,8.07,8.26,7.93,574480,COL.MC
856,2022-03-23 00:00:00+01:00,8.28,8.32,7.91,7.97,7.65,1780429,COL.MC
857,2022-03-24 00:00:00+01:00,8.02,8.07,7.91,8.07,7.75,612782,COL.MC
858,2022-03-25 00:00:00+01:00,8.07,8.28,8.07,8.25,7.92,931363,COL.MC
859,2022-03-28 00:00:00+02:00,8.3,8.31,8.23,8.3,7.97,661613,COL.MC
860,2022-03-29 00:00:00+02:00,8.31,8.33,8.12,8.31,7.98,1174385,COL.MC
861,2022-03-30 00:00:00+02:00,8.26,8.39,8.23,8.32,7.99,1148888,COL.MC
862,2022-03-31 00:00:00+02:00,8.34,8.39,8.2,8.24,7.91,808257,COL.MC
863,2022-04-01 00:00:00+02:00,8.19,8.36,8.19,8.26,7.93,1330991,COL.MC
864,2022-04-04 00:00:00+02:00,8.28,8.34,8.19,8.28,7.95,1256012,COL.MC
865,2022-04-05 00:00:00+02:00,8.27,8.38,8.24,8.36,8.03,951483,COL.MC
866,2022-04-06 00:00:00+02:00,8.3,8.35,8.03,8.08,7.76,1062754,COL.MC
867,2022-04-07 00:00:00+02:00,8.24,8.32,7.99,8.23,7.9,1030843,COL.MC
868,2022-04-08 00:00:00+02:00,8.33,8.48,8.23,8.25,7.92,848962,COL.MC
869,2022-04-11 00:00:00+02:00,8.13,8.35,8.12,8.29,7.96,669485,COL.MC
870,2022-04-12 00:00:00+02:00,8.24,8.31,8.17,8.19,7.86,814708,COL.MC
871,2022-04-13 00:00:00+02:00,8.1,8.31,8.1,8.31,7.97,590353,COL.MC
872,2022-04-14 00:00:00+02:00,8.35,8.39,8.28,8.33,8.0,632198,COL.MC
873,2022-04-19 00:00:00+02:00,8.3,8.36,8.15,8.19,7.86,800374,COL.MC
874,2022-04-20 00:00:00+02:00,8.19,8.23,8.15,8.22,7.89,1082464,COL.MC
875,2022-04-21 00:00:00+02:00,8.18,8.36,8.18,8.29,7.96,569587,COL.MC
876,2022-04-22 00:00:00+02:00,8.2,8.24,8.12,8.13,7.8,711359,COL.MC
877,2022-04-25 00:00:00+02:00,8.07,8.19,8.02,8.11,7.79,611266,COL.MC
878,2022-04-26 00:00:00+02:00,8.1,8.31,8.09,8.19,7.87,839718,COL.MC
879,2022-04-27 00:00:00+02:00,8.19,8.28,8.14,8.18,7.85,1005277,COL.MC
880,2022-04-28 00:00:00+02:00,8.02,8.23,8.02,8.11,7.79,1019922,COL.MC
881,2022-04-29 00:00:00+02:00,8.1,8.12,7.93,7.97,7.65,909319,COL.MC
882,2022-05-02 00:00:00+02:00,7.91,8.05,7.82,7.86,7.54,989871,COL.MC
883,2022-05-03 00:00:00+02:00,7.92,7.99,7.88,7.91,7.6,909448,COL.MC
884,2022-05-04 00:00:00+02:00,7.95,7.95,7.78,7.81,7.5,674900,COL.MC
885,2022-05-05 00:00:00+02:00,7.92,7.99,7.83,7.84,7.53,883409,COL.MC
886,2022-05-06 00:00:00+02:00,7.76,7.8,7.57,7.67,7.36,994282,COL.MC
887,2022-05-09 00:00:00+02:00,7.57,7.68,7.49,7.51,7.21,655678,COL.MC
888,2022-05-10 00:00:00+02:00,7.62,7.64,7.46,7.49,7.19,528160,COL.MC
889,2022-05-11 00:00:00+02:00,7.45,7.59,7.45,7.59,7.28,652138,COL.MC
890,2022-05-12 00:00:00+02:00,7.45,7.55,7.38,7.51,7.2,1452201,COL.MC
891,2022-05-13 00:00:00+02:00,7.5,7.68,7.47,7.68,7.38,1020086,COL.MC
892,2022-05-16 00:00:00+02:00,7.76,7.76,7.61,7.7,7.39,945960,COL.MC
893,2022-05-17 00:00:00+02:00,7.75,7.82,7.67,7.72,7.41,1017858,COL.MC
894,2022-05-18 00:00:00+02:00,7.73,7.91,7.71,7.76,7.45,772444,COL.MC
895,2022-05-19 00:00:00+02:00,7.85,7.85,7.6,7.61,7.31,745563,COL.MC
896,2022-05-20 00:00:00+02:00,7.66,7.72,7.6,7.68,7.37,571711,COL.MC
897,2022-05-23 00:00:00+02:00,7.76,7.81,7.65,7.81,7.5,554058,COL.MC
898,2022-05-24 00:00:00+02:00,7.78,7.82,7.72,7.74,7.43,483116,COL.MC
899,2022-05-25 00:00:00+02:00,7.7,7.78,7.64,7.7,7.39,609284,COL.MC
900,2022-05-26 00:00:00+02:00,7.82,7.82,7.7,7.76,7.45,522581,COL.MC
901,2022-05-27 00:00:00+02:00,7.8,7.83,7.7,7.83,7.52,863158,COL.MC
902,2022-05-30 00:00:00+02:00,7.93,7.93,7.72,7.78,7.47,684487,COL.MC
903,2022-05-31 00:00:00+02:00,7.7,7.7,7.6,7.64,7.34,921157,COL.MC
904,2022-06-01 00:00:00+02:00,7.72,7.73,7.5,7.5,7.2,630524,COL.MC
905,2022-06-02 00:00:00+02:00,7.53,7.53,7.26,7.32,7.03,1067593,COL.MC
906,2022-06-03 00:00:00+02:00,7.36,7.42,7.34,7.41,7.12,573496,COL.MC
907,2022-06-06 00:00:00+02:00,7.47,7.52,7.41,7.47,7.18,585228,COL.MC
908,2022-06-07 00:00:00+02:00,7.5,7.64,7.43,7.59,7.29,704164,COL.MC
909,2022-06-08 00:00:00+02:00,7.66,7.66,7.43,7.45,7.15,486245,COL.MC
910,2022-06-09 00:00:00+02:00,7.38,7.43,7.18,7.18,6.9,752246,COL.MC
911,2022-06-10 00:00:00+02:00,7.12,7.12,6.87,6.99,6.71,878198,COL.MC
912,2022-06-13 00:00:00+02:00,6.91,6.91,6.57,6.57,6.31,1009966,COL.MC
913,2022-06-14 00:00:00+02:00,6.67,6.67,6.44,6.49,6.23,1008942,COL.MC
914,2022-06-15 00:00:00+02:00,6.68,6.72,6.55,6.62,6.36,1350866,COL.MC
915,2022-06-16 00:00:00+02:00,6.59,6.62,6.4,6.51,6.25,802176,COL.MC
916,2022-06-17 00:00:00+02:00,6.49,6.67,6.43,6.53,6.27,2258769,COL.MC
917,2022-06-20 00:00:00+02:00,6.47,6.61,6.44,6.52,6.26,900545,COL.MC
918,2022-06-21 00:00:00+02:00,6.55,6.6,6.39,6.43,6.17,1133014,COL.MC
919,2022-06-22 00:00:00+02:00,6.39,6.53,6.26,6.5,6.24,1013391,COL.MC
920,2022-06-23 00:00:00+02:00,6.53,6.55,6.38,6.38,6.12,1501744,COL.MC
921,2022-06-24 00:00:00+02:00,6.55,6.61,6.42,6.59,6.32,789312,COL.MC
922,2022-06-27 00:00:00+02:00,6.66,6.66,6.53,6.59,6.32,925020,COL.MC
923,2022-06-28 00:00:00+02:00,6.6,6.72,6.6,6.7,6.43,1067264,COL.MC
924,2022-06-29 00:00:00+02:00,6.4,6.49,6.18,6.21,5.96,1703053,COL.MC
925,2022-06-30 00:00:00+02:00,6.22,6.23,6.05,6.11,5.86,1627612,COL.MC
926,2022-07-01 00:00:00+02:00,6.11,6.2,6.03,6.09,5.85,1104542,COL.MC
927,2022-07-04 00:00:00+02:00,6.16,6.16,5.93,5.99,5.75,1289705,COL.MC
928,2022-07-05 00:00:00+02:00,6.01,6.11,5.93,5.99,5.75,1089057,COL.MC
929,2022-07-06 00:00:00+02:00,5.89,5.97,5.8,5.91,5.91,1189735,COL.MC
930,2022-07-07 00:00:00+02:00,5.92,6.06,5.9,6.04,6.04,881860,COL.MC
931,2022-07-08 00:00:00+02:00,5.99,6.11,5.97,6.09,6.09,813204,COL.MC
932,2022-07-11 00:00:00+02:00,6.0,6.09,5.93,5.99,5.99,838593,COL.MC
933,2022-07-12 00:00:00+02:00,6.01,6.06,5.86,6.03,6.03,2427975,COL.MC
934,2022-07-13 00:00:00+02:00,6.1,6.14,5.95,6.05,6.05,977682,COL.MC
935,2022-07-14 00:00:00+02:00,6.06,6.07,5.89,5.96,5.96,967477,COL.MC
936,2022-07-15 00:00:00+02:00,5.99,6.11,5.93,6.09,6.09,1507647,COL.MC
937,2022-07-18 00:00:00+02:00,6.1,6.14,6.05,6.1,6.1,1070342,COL.MC
938,2022-07-19 00:00:00+02:00,6.1,6.22,6.06,6.2,6.2,2326921,COL.MC
939,2022-07-20 00:00:00+02:00,6.22,6.26,6.14,6.2,6.2,850872,COL.MC
940,2022-07-21 00:00:00+02:00,6.1,6.22,6.07,6.11,6.11,846582,COL.MC
941,2022-07-22 00:00:00+02:00,6.12,6.36,6.11,6.32,6.32,917812,COL.MC
942,2022-07-25 00:00:00+02:00,6.34,6.37,6.26,6.32,6.32,962098,COL.MC
943,2022-07-26 00:00:00+02:00,6.2,6.32,6.2,6.25,6.25,1206005,COL.MC
944,2022-07-27 00:00:00+02:00,6.35,6.35,6.14,6.2,6.2,1027947,COL.MC
945,2022-07-28 00:00:00+02:00,6.25,6.28,6.16,6.24,6.24,985529,COL.MC
946,2022-07-29 00:00:00+02:00,6.29,6.55,6.26,6.47,6.47,1322693,COL.MC
947,2022-08-01 00:00:00+02:00,6.45,6.47,6.36,6.36,6.36,767658,COL.MC
948,2022-08-02 00:00:00+02:00,6.42,6.43,6.3,6.41,6.41,849597,COL.MC
949,2022-08-03 00:00:00+02:00,6.33,6.55,6.33,6.53,6.53,854171,COL.MC
950,2022-08-04 00:00:00+02:00,6.5,6.59,6.5,6.51,6.51,799089,COL.MC
951,2022-08-05 00:00:00+02:00,6.41,6.54,6.39,6.41,6.41,1174056,COL.MC
952,2022-08-08 00:00:00+02:00,6.4,6.53,6.38,6.5,6.5,613163,COL.MC
953,2022-08-09 00:00:00+02:00,6.57,6.59,6.43,6.45,6.45,711757,COL.MC
954,2022-08-10 00:00:00+02:00,6.39,6.68,6.39,6.68,6.68,967686,COL.MC
955,2022-08-11 00:00:00+02:00,6.7,6.7,6.6,6.62,6.62,694386,COL.MC
956,2022-08-12 00:00:00+02:00,6.7,6.7,6.61,6.68,6.68,469024,COL.MC
957,2022-08-15 00:00:00+02:00,6.63,6.68,6.61,6.66,6.66,557930,COL.MC
958,2022-08-16 00:00:00+02:00,6.66,6.68,6.61,6.64,6.64,579956,COL.MC
959,2022-08-17 00:00:00+02:00,6.53,6.61,6.4,6.41,6.41,888372,COL.MC
960,2022-08-18 00:00:00+02:00,6.45,6.49,6.4,6.49,6.49,763011,COL.MC
961,2022-08-19 00:00:00+02:00,6.39,6.43,6.24,6.29,6.29,1025905,COL.MC
962,2022-08-22 00:00:00+02:00,6.2,6.27,6.11,6.24,6.24,878708,COL.MC
963,2022-08-23 00:00:00+02:00,6.13,6.26,6.13,6.14,6.14,762772,COL.MC
964,2022-08-24 00:00:00+02:00,6.1,6.14,6.04,6.09,6.09,851980,COL.MC
965,2022-08-25 00:00:00+02:00,6.09,6.18,6.04,6.08,6.08,467602,COL.MC
966,2022-08-26 00:00:00+02:00,6.17,6.17,5.95,5.95,5.95,687556,COL.MC
967,2022-08-29 00:00:00+02:00,5.92,6.03,5.92,5.97,5.97,813600,COL.MC
968,2022-08-30 00:00:00+02:00,5.96,6.03,5.91,5.93,5.93,1080747,COL.MC
969,2022-08-31 00:00:00+02:00,5.9,5.97,5.88,5.89,5.89,936466,COL.MC
970,2022-09-01 00:00:00+02:00,5.89,5.89,5.73,5.74,5.74,935007,COL.MC
971,2022-09-02 00:00:00+02:00,5.78,5.93,5.7,5.91,5.91,1048503,COL.MC
972,2022-09-05 00:00:00+02:00,5.86,5.91,5.8,5.88,5.88,653915,COL.MC
973,2022-09-06 00:00:00+02:00,5.89,5.96,5.84,5.87,5.87,732506,COL.MC
974,2022-09-07 00:00:00+02:00,5.93,5.93,5.82,5.86,5.86,702064,COL.MC
975,2022-09-08 00:00:00+02:00,5.93,5.93,5.7,5.76,5.76,1263589,COL.MC
976,2022-09-09 00:00:00+02:00,5.68,5.88,5.68,5.82,5.82,1155867,COL.MC
977,2022-09-12 00:00:00+02:00,5.91,6.01,5.82,6.01,6.01,973542,COL.MC
978,2022-09-13 00:00:00+02:00,6.11,6.11,5.75,5.76,5.76,1121343,COL.MC
979,2022-09-14 00:00:00+02:00,5.73,5.76,5.55,5.58,5.58,1522990,COL.MC
980,2022-09-15 00:00:00+02:00,5.58,5.62,5.53,5.61,5.61,952292,COL.MC
981,2022-09-16 00:00:00+02:00,5.58,5.74,5.51,5.7,5.7,2508934,COL.MC
982,2022-09-19 00:00:00+02:00,5.73,5.73,5.64,5.68,5.68,787860,COL.MC
983,2022-09-20 00:00:00+02:00,5.75,5.75,5.4,5.42,5.42,2079962,COL.MC
984,2022-09-21 00:00:00+02:00,5.4,5.52,5.39,5.48,5.48,1250140,COL.MC
985,2022-09-22 00:00:00+02:00,5.38,5.39,5.12,5.14,5.14,1634272,COL.MC
986,2022-09-23 00:00:00+02:00,5.15,5.16,4.95,5.02,5.02,2082396,COL.MC
987,2022-09-26 00:00:00+02:00,4.91,5.02,4.79,4.83,4.83,1718210,COL.MC
988,2022-09-27 00:00:00+02:00,4.9,4.91,4.7,4.7,4.7,2062752,COL.MC
989,2022-09-28 00:00:00+02:00,4.65,4.87,4.5,4.87,4.87,2210395,COL.MC
990,2022-09-29 00:00:00+02:00,4.83,4.85,4.67,4.75,4.75,2028180,COL.MC
991,2022-09-30 00:00:00+02:00,4.79,4.97,4.73,4.94,4.94,1985419,COL.MC
992,2022-10-03 00:00:00+02:00,4.91,5.07,4.86,5.03,5.03,1646785,COL.MC
993,2022-10-04 00:00:00+02:00,5.14,5.18,5.05,5.14,5.14,1774694,COL.MC
994,2022-10-05 00:00:00+02:00,5.05,5.16,4.86,4.87,4.87,1312389,COL.MC
995,2022-10-06 00:00:00+02:00,4.99,5.02,4.93,4.96,4.96,1542036,COL.MC
996,2022-10-07 00:00:00+02:00,4.95,5.0,4.84,4.88,4.88,939515,COL.MC
997,2022-10-10 00:00:00+02:00,4.85,4.94,4.77,4.78,4.78,1318331,COL.MC
998,2022-10-11 00:00:00+02:00,4.78,4.81,4.72,4.78,4.78,1488138,COL.MC
999,2022-10-12 00:00:00+02:00,4.81,4.81,4.64,4.66,4.66,1318389,COL.MC
1000,2022-10-13 00:00:00+02:00,4.65,4.84,4.55,4.72,4.72,1973800,COL.MC
1001,2022-10-14 00:00:00+02:00,4.85,4.9,4.7,4.82,4.82,1750191,COL.MC
1002,2022-10-17 00:00:00+02:00,4.72,5.01,4.72,4.99,4.99,1337093,COL.MC
1003,2022-10-18 00:00:00+02:00,4.98,5.05,4.93,4.97,4.97,928126,COL.MC
1004,2022-10-19 00:00:00+02:00,4.96,4.96,4.82,4.82,4.82,908095,COL.MC
1005,2022-10-20 00:00:00+02:00,4.75,4.99,4.73,4.94,4.94,959148,COL.MC
1006,2022-10-21 00:00:00+02:00,4.97,4.99,4.79,4.85,4.85,1276876,COL.MC
1007,2022-10-24 00:00:00+02:00,4.9,5.0,4.84,4.96,4.96,1025429,COL.MC
1008,2022-10-25 00:00:00+02:00,4.96,5.2,4.96,5.2,5.2,1581048,COL.MC
1009,2022-10-26 00:00:00+02:00,5.2,5.27,5.14,5.21,5.21,1625207,COL.MC
1010,2022-10-27 00:00:00+02:00,5.09,5.43,5.08,5.36,5.36,1448171,COL.MC
1011,2022-10-28 00:00:00+02:00,5.36,5.36,5.24,5.3,5.3,1245671,COL.MC
1012,2022-10-31 00:00:00+01:00,5.31,5.36,5.24,5.34,5.34,1300057,COL.MC
1013,2022-11-01 00:00:00+01:00,5.39,5.49,5.36,5.37,5.37,1037652,COL.MC
1014,2022-11-02 00:00:00+01:00,5.4,5.41,5.28,5.36,5.36,2044754,COL.MC
1015,2022-11-03 00:00:00+01:00,5.3,5.3,5.13,5.22,5.22,1437744,COL.MC
1016,2022-11-04 00:00:00+01:00,5.27,5.4,5.24,5.36,5.36,1223200,COL.MC
1017,2022-11-07 00:00:00+01:00,5.34,5.53,5.33,5.49,5.49,1331298,COL.MC
1018,2022-11-08 00:00:00+01:00,5.49,5.53,5.44,5.51,5.51,1421993,COL.MC
1019,2022-11-09 00:00:00+01:00,5.5,5.51,5.39,5.48,5.48,1154911,COL.MC
1020,2022-11-10 00:00:00+01:00,5.55,5.88,5.4,5.83,5.83,1728723,COL.MC
1021,2022-11-11 00:00:00+01:00,5.9,6.01,5.78,5.89,5.89,2052704,COL.MC
1022,2022-11-14 00:00:00+01:00,5.98,5.98,5.77,5.83,5.83,1257887,COL.MC
1023,2022-11-15 00:00:00+01:00,5.9,5.93,5.78,5.89,5.89,1374720,COL.MC
1024,2022-11-16 00:00:00+01:00,5.89,5.89,5.7,5.76,5.76,550265,COL.MC
