Date,Open,High,Low,Close,Adj_Close,Volume
2018-11-05 00:00:00+01:00,18.52,18.75,18.52,18.68,13.92,835005
2018-11-06 00:00:00+01:00,18.85,19.18,18.68,19.18,14.29,1995393
2018-11-07 00:00:00+01:00,19.2,19.59,19.18,19.59,14.59,2755359
2018-11-08 00:00:00+01:00,19.52,19.86,19.52,19.79,14.74,1773557
2018-11-09 00:00:00+01:00,19.75,19.92,19.6,19.85,14.79,1329876
2018-11-12 00:00:00+01:00,19.84,19.89,19.68,19.83,14.77,865566
2018-11-13 00:00:00+01:00,19.78,19.99,19.78,19.98,14.88,1961734
2018-11-14 00:00:00+01:00,19.92,20.08,19.75,20.02,14.91,1824493
2018-11-15 00:00:00+01:00,20.07,20.24,19.98,20.0,14.9,1952399
2018-11-16 00:00:00+01:00,20.05,20.13,19.92,20.04,14.93,1638392
2018-11-19 00:00:00+01:00,20.1,20.33,20.09,20.22,15.06,1150028
2018-11-20 00:00:00+01:00,20.22,20.36,20.13,20.27,15.1,1532639
2018-11-21 00:00:00+01:00,20.3,20.35,19.52,19.74,14.7,2067424
2018-11-22 00:00:00+01:00,19.69,19.93,19.58,19.73,14.69,914445
2018-11-23 00:00:00+01:00,19.7,19.82,19.61,19.7,14.67,1223815
2018-11-26 00:00:00+01:00,19.78,19.96,19.75,19.96,14.87,2990832
2018-11-27 00:00:00+01:00,20.0,20.25,19.88,20.06,14.94,1390417
2018-11-28 00:00:00+01:00,20.06,20.19,19.35,19.97,14.88,3086646
2018-11-29 00:00:00+01:00,20.02,20.15,19.65,19.65,14.63,1078767
2018-11-30 00:00:00+01:00,19.66,19.76,19.58,19.68,14.66,1634685
2018-12-03 00:00:00+01:00,20.0,20.0,19.76,19.86,14.8,969123
2018-12-04 00:00:00+01:00,19.92,20.08,19.89,20.08,14.96,888087
2018-12-05 00:00:00+01:00,19.92,20.14,19.85,20.14,15.0,690967
2018-12-06 00:00:00+01:00,20.06,20.2,19.89,20.05,14.93,1623618
2018-12-07 00:00:00+01:00,20.1,20.3,20.09,20.2,15.05,1065503
2018-12-10 00:00:00+01:00,20.2,20.35,20.16,20.16,15.02,1754770
2018-12-11 00:00:00+01:00,20.21,20.7,20.16,20.59,15.34,3479457
2018-12-12 00:00:00+01:00,20.67,21.0,20.65,20.87,15.55,1782102
2018-12-13 00:00:00+01:00,20.96,21.2,20.75,21.12,15.73,1735868
2018-12-14 00:00:00+01:00,21.18,21.28,21.0,21.07,15.69,3303558
2018-12-17 00:00:00+01:00,20.97,21.31,20.96,21.11,15.72,1956792
2018-12-18 00:00:00+01:00,21.07,21.14,20.64,20.89,15.56,3576317
2018-12-19 00:00:00+01:00,20.85,21.21,20.85,21.13,15.74,2615156
2018-12-20 00:00:00+01:00,20.93,21.22,20.89,21.08,15.7,3168140
2018-12-21 00:00:00+01:00,21.1,21.19,20.75,21.08,15.7,3192072
2018-12-24 00:00:00+01:00,21.05,21.28,20.99,21.27,15.84,386837
2018-12-27 00:00:00+01:00,21.38,21.39,20.19,20.42,15.21,2213118
2018-12-28 00:00:00+01:00,19.94,19.98,19.72,19.92,15.37,1091380
2018-12-31 00:00:00+01:00,19.95,20.46,19.94,20.13,15.53,804379
2019-01-02 00:00:00+01:00,19.93,20.11,19.72,20.07,15.48,3456660
2019-01-03 00:00:00+01:00,19.95,20.31,19.93,20.13,15.53,6395564
2019-01-04 00:00:00+01:00,20.24,20.35,20.15,20.2,15.58,992239
2019-01-07 00:00:00+01:00,20.22,20.27,20.07,20.27,15.63,2345981
2019-01-08 00:00:00+01:00,20.21,20.43,20.2,20.38,15.72,3144538
2019-01-09 00:00:00+01:00,20.44,20.45,20.02,20.1,15.5,2808956
2019-01-10 00:00:00+01:00,20.1,20.57,20.1,20.57,15.87,1746570
2019-01-11 00:00:00+01:00,20.53,20.68,20.34,20.5,15.81,1493691
2019-01-14 00:00:00+01:00,20.35,20.64,20.32,20.62,15.9,1254953
2019-01-15 00:00:00+01:00,20.65,20.85,20.58,20.85,16.08,1409128
2019-01-16 00:00:00+01:00,20.79,20.84,20.51,20.67,15.94,1442853
2019-01-17 00:00:00+01:00,20.66,21.0,20.64,20.93,16.14,1053334
2019-01-18 00:00:00+01:00,20.99,21.19,20.89,21.14,16.31,1281973
2019-01-21 00:00:00+01:00,21.15,21.16,20.97,21.08,16.26,553032
2019-01-22 00:00:00+01:00,21.04,21.29,21.04,21.21,16.36,3137692
2019-01-23 00:00:00+01:00,21.19,21.4,21.12,21.4,16.51,2215645
2019-01-24 00:00:00+01:00,21.36,21.58,21.36,21.56,16.63,1477344
2019-01-25 00:00:00+01:00,21.59,21.65,21.27,21.33,16.45,1182897
2019-01-28 00:00:00+01:00,21.21,21.37,21.14,21.24,16.38,822915
2019-01-29 00:00:00+01:00,21.27,21.65,21.27,21.62,16.68,1588086
2019-01-30 00:00:00+01:00,21.58,21.66,21.49,21.55,16.62,1323640
2019-01-31 00:00:00+01:00,21.57,21.84,21.57,21.82,16.83,2091135
2019-02-01 00:00:00+01:00,21.85,21.88,21.58,21.74,16.77,1000944
2019-02-04 00:00:00+01:00,21.63,21.84,21.56,21.79,16.81,1466547
2019-02-05 00:00:00+01:00,21.75,21.99,21.64,21.99,16.96,1365932
2019-02-06 00:00:00+01:00,21.94,22.09,21.84,21.94,16.92,1613311
2019-02-07 00:00:00+01:00,21.86,21.99,21.73,21.86,16.86,755087
2019-02-08 00:00:00+01:00,21.75,21.82,21.53,21.7,16.74,857879
2019-02-11 00:00:00+01:00,21.64,21.82,21.52,21.74,16.77,964406
2019-02-12 00:00:00+01:00,21.8,22.08,21.74,21.9,16.89,1260831
2019-02-13 00:00:00+01:00,21.87,21.96,21.53,21.68,16.72,1173454
2019-02-14 00:00:00+01:00,21.75,21.89,21.67,21.8,16.81,1436532
2019-02-15 00:00:00+01:00,21.8,21.8,21.34,21.51,16.59,1602833
2019-02-18 00:00:00+01:00,21.48,21.7,21.45,21.7,16.74,1001737
2019-02-19 00:00:00+01:00,21.67,21.74,21.59,21.65,16.7,776179
2019-02-20 00:00:00+01:00,21.67,21.97,21.63,21.87,16.87,1064083
2019-02-21 00:00:00+01:00,21.91,22.14,21.7,21.89,16.88,1141893
2019-02-22 00:00:00+01:00,21.88,22.0,21.76,22.0,16.97,971790
2019-02-25 00:00:00+01:00,22.0,22.06,21.87,22.02,16.98,1311868
2019-02-26 00:00:00+01:00,21.9,22.05,21.89,22.01,16.98,1575759
2019-02-27 00:00:00+01:00,22.09,22.38,21.81,21.81,16.82,1673978
2019-02-28 00:00:00+01:00,21.8,22.17,21.8,22.15,17.08,1203236
2019-03-01 00:00:00+01:00,22.19,22.29,21.88,21.92,16.91,2008288
2019-03-04 00:00:00+01:00,21.96,22.05,21.82,21.89,16.88,855824
2019-03-05 00:00:00+01:00,21.84,21.92,21.66,21.81,16.82,1216941
2019-03-06 00:00:00+01:00,21.86,21.96,21.72,21.91,16.9,756797
2019-03-07 00:00:00+01:00,21.95,22.64,21.95,22.63,17.45,1521453
2019-03-08 00:00:00+01:00,22.46,22.9,22.39,22.57,17.41,1230904
2019-03-11 00:00:00+01:00,22.57,22.61,22.26,22.51,17.36,1023175
2019-03-12 00:00:00+01:00,22.55,22.78,22.42,22.78,17.57,936068
2019-03-13 00:00:00+01:00,22.57,22.73,22.48,22.54,17.39,1186821
2019-03-14 00:00:00+01:00,22.61,22.7,22.47,22.57,17.41,895327
2019-03-15 00:00:00+01:00,22.58,22.72,22.43,22.56,17.4,2142829
2019-03-18 00:00:00+01:00,22.5,22.74,22.48,22.74,17.54,1053385
2019-03-19 00:00:00+01:00,22.76,23.02,22.68,22.9,17.66,1678112
2019-03-20 00:00:00+01:00,22.84,22.99,22.78,22.88,17.65,1264004
2019-03-21 00:00:00+01:00,22.83,22.99,22.79,22.93,17.69,670317
2019-03-22 00:00:00+01:00,22.95,23.17,22.83,23.14,17.85,2671948
2019-03-25 00:00:00+01:00,22.96,23.15,22.96,23.1,17.82,1306360
2019-03-26 00:00:00+01:00,23.19,23.3,22.85,22.97,17.72,1001940
2019-03-27 00:00:00+01:00,22.79,23.08,22.5,23.02,17.76,1254222
2019-03-28 00:00:00+01:00,22.9,23.13,22.79,22.79,17.58,1262269
2019-03-29 00:00:00+01:00,22.85,22.98,22.7,22.74,17.54,1482409
2019-04-01 00:00:00+02:00,22.92,22.95,22.63,22.69,17.5,1095299
2019-04-02 00:00:00+02:00,22.74,22.82,22.63,22.64,17.46,1170883
2019-04-03 00:00:00+02:00,22.75,22.75,22.42,22.64,17.46,1372322
2019-04-04 00:00:00+02:00,22.67,23.02,22.67,22.8,17.59,1111112
2019-04-05 00:00:00+02:00,22.82,22.86,22.58,22.71,17.52,981698
2019-04-08 00:00:00+02:00,22.72,22.85,22.68,22.68,17.49,1367924
2019-04-09 00:00:00+02:00,22.67,22.85,22.55,22.83,17.61,1096897
2019-04-10 00:00:00+02:00,22.83,22.92,22.73,22.83,17.61,1723959
2019-04-11 00:00:00+02:00,22.9,22.9,22.44,22.55,17.39,926682
2019-04-12 00:00:00+02:00,22.55,22.63,22.17,22.21,17.13,1299732
2019-04-15 00:00:00+02:00,22.21,22.3,22.11,22.27,17.18,949910
2019-04-16 00:00:00+02:00,22.21,22.28,21.88,21.94,16.92,1329408
2019-04-17 00:00:00+02:00,21.86,21.97,21.57,21.79,16.81,2449666
2019-04-18 00:00:00+02:00,21.79,21.97,21.66,21.92,16.91,2127865
2019-04-23 00:00:00+02:00,21.92,22.03,21.83,21.87,16.87,755366
2019-04-24 00:00:00+02:00,21.99,22.05,21.61,21.97,16.95,968860
2019-04-25 00:00:00+02:00,21.98,22.43,21.98,22.31,17.21,1370709
2019-04-26 00:00:00+02:00,22.31,22.42,22.03,22.31,17.21,699004
2019-04-29 00:00:00+02:00,22.14,22.18,21.94,22.13,17.07,754961
2019-04-30 00:00:00+02:00,22.09,22.31,21.89,22.21,17.13,1278964
2019-05-02 00:00:00+02:00,22.18,22.26,21.93,22.0,16.97,1460536
2019-05-03 00:00:00+02:00,22.07,22.42,21.98,22.29,17.19,976495
2019-05-06 00:00:00+02:00,22.14,22.56,22.14,22.47,17.33,672809
2019-05-07 00:00:00+02:00,22.4,22.66,22.23,22.43,17.3,1129628
2019-05-08 00:00:00+02:00,22.22,22.26,21.9,21.9,16.89,1529799
2019-05-09 00:00:00+02:00,21.9,22.03,21.73,21.8,16.81,1427211
2019-05-10 00:00:00+02:00,21.86,22.36,21.74,22.27,17.18,1146922
2019-05-13 00:00:00+02:00,22.3,22.45,22.13,22.39,17.27,934798
2019-05-14 00:00:00+02:00,22.44,22.45,22.21,22.23,17.15,959988
2019-05-15 00:00:00+02:00,22.16,22.62,22.09,22.59,17.42,1226562
2019-05-16 00:00:00+02:00,22.65,22.89,22.59,22.71,17.52,932545
2019-05-17 00:00:00+02:00,22.76,22.86,22.68,22.79,17.58,969526
2019-05-20 00:00:00+02:00,22.87,23.1,22.7,22.81,17.59,1483310
2019-05-21 00:00:00+02:00,22.82,23.02,22.65,22.77,17.56,752764
2019-05-22 00:00:00+02:00,22.74,23.0,22.68,22.95,17.7,594924
2019-05-23 00:00:00+02:00,22.88,23.02,22.57,22.57,17.41,1135701
2019-05-24 00:00:00+02:00,22.7,23.03,22.62,22.95,17.7,1236799
2019-05-27 00:00:00+02:00,23.01,23.32,22.98,23.01,17.75,404061
2019-05-28 00:00:00+02:00,23.06,23.12,22.87,22.89,17.66,1430597
2019-05-29 00:00:00+02:00,22.81,22.85,22.44,22.46,17.32,1121462
2019-05-30 00:00:00+02:00,22.46,22.66,22.35,22.47,17.33,592080
2019-05-31 00:00:00+02:00,22.47,22.55,22.05,22.31,17.21,1262336
2019-06-03 00:00:00+02:00,22.18,22.44,22.16,22.41,17.29,822184
2019-06-04 00:00:00+02:00,22.32,22.46,22.24,22.31,17.21,1265557
2019-06-05 00:00:00+02:00,22.48,22.76,22.37,22.76,17.56,2049800
2019-06-06 00:00:00+02:00,22.82,23.3,22.78,23.15,17.86,1644533
2019-06-07 00:00:00+02:00,23.15,23.58,23.12,23.58,18.19,1032991
2019-06-10 00:00:00+02:00,23.58,23.6,23.21,23.34,18.0,520419
2019-06-11 00:00:00+02:00,23.34,23.42,23.22,23.37,18.03,659434
2019-06-12 00:00:00+02:00,23.25,23.68,23.25,23.6,18.2,1231857
2019-06-13 00:00:00+02:00,23.58,24.12,23.58,23.88,18.42,1168287
2019-06-14 00:00:00+02:00,23.83,23.95,23.67,23.79,18.35,2932313
2019-06-17 00:00:00+02:00,23.8,23.88,23.46,23.5,18.13,2207975
2019-06-18 00:00:00+02:00,23.53,23.96,23.41,23.89,18.43,1660396
2019-06-19 00:00:00+02:00,23.95,23.95,23.45,23.58,18.19,10327842
2019-06-20 00:00:00+02:00,23.77,23.93,23.53,23.59,18.2,14743857
2019-06-21 00:00:00+02:00,23.65,23.84,23.58,23.77,18.33,7634038
2019-06-24 00:00:00+02:00,23.85,23.9,23.4,23.71,18.29,5997573
2019-06-25 00:00:00+02:00,23.65,23.93,23.61,23.62,18.22,6140621
2019-06-26 00:00:00+02:00,23.63,23.63,23.36,23.5,18.13,1390565
2019-06-27 00:00:00+02:00,23.5,23.53,23.3,23.43,18.07,2075730
2019-06-28 00:00:00+02:00,23.0,23.01,22.43,22.61,18.0,1728657
2019-07-01 00:00:00+02:00,22.64,22.91,22.29,22.77,18.13,2318907
2019-07-02 00:00:00+02:00,22.83,23.23,22.71,23.23,18.49,1823858
2019-07-03 00:00:00+02:00,23.34,23.56,23.31,23.46,18.67,9555984
2019-07-04 00:00:00+02:00,23.42,23.44,23.23,23.3,18.55,14007588
2019-07-05 00:00:00+02:00,23.25,23.45,22.73,22.95,18.27,6890881
2019-07-08 00:00:00+02:00,22.79,22.94,22.56,22.86,18.2,5917077
2019-07-09 00:00:00+02:00,22.83,23.11,22.83,22.96,18.28,7505476
2019-07-10 00:00:00+02:00,22.86,23.0,22.61,22.92,18.24,1178383
2019-07-11 00:00:00+02:00,22.8,22.99,22.73,22.76,18.12,1151058
2019-07-12 00:00:00+02:00,22.71,22.72,22.39,22.56,17.96,1076557
2019-07-15 00:00:00+02:00,22.5,22.72,22.45,22.6,17.99,1078072
2019-07-16 00:00:00+02:00,22.6,22.65,22.42,22.54,17.94,992161
2019-07-17 00:00:00+02:00,22.56,22.95,22.55,22.81,18.16,1900184
2019-07-18 00:00:00+02:00,22.69,23.08,22.66,23.05,18.35,1170157
2019-07-19 00:00:00+02:00,23.1,23.14,22.85,22.91,18.24,816502
2019-07-22 00:00:00+02:00,22.85,23.14,22.75,23.14,18.42,1096943
2019-07-23 00:00:00+02:00,23.15,23.17,22.73,22.89,18.22,976024
2019-07-24 00:00:00+02:00,22.9,23.17,22.75,22.84,18.18,1999781
2019-07-25 00:00:00+02:00,22.81,23.21,22.7,22.86,18.2,1009367
2019-07-26 00:00:00+02:00,22.97,22.97,22.57,22.61,18.0,897964
2019-07-29 00:00:00+02:00,22.56,22.72,22.49,22.55,17.95,726812
2019-07-30 00:00:00+02:00,22.6,22.6,22.12,22.19,17.66,1859984
2019-07-31 00:00:00+02:00,22.09,22.35,21.89,22.35,17.79,1300789
2019-08-01 00:00:00+02:00,22.16,22.71,22.16,22.68,18.05,710131
2019-08-02 00:00:00+02:00,22.55,22.91,22.5,22.7,18.07,1066732
2019-08-05 00:00:00+02:00,22.94,23.09,22.59,22.7,18.07,934247
2019-08-06 00:00:00+02:00,22.67,22.96,22.67,22.71,18.08,1111752
2019-08-07 00:00:00+02:00,22.84,23.07,22.81,22.83,18.17,2425094
2019-08-08 00:00:00+02:00,22.91,23.07,22.86,23.01,18.32,764160
2019-08-09 00:00:00+02:00,23.04,23.07,22.89,23.05,18.35,1517305
2019-08-12 00:00:00+02:00,23.07,23.16,22.95,23.09,18.38,485233
2019-08-13 00:00:00+02:00,23.07,23.22,23.02,23.09,18.38,887014
2019-08-14 00:00:00+02:00,23.07,23.23,22.73,23.03,18.33,836239
2019-08-15 00:00:00+02:00,23.0,23.21,22.92,23.16,18.44,827485
2019-08-16 00:00:00+02:00,23.2,23.58,23.17,23.45,18.67,1432867
2019-08-19 00:00:00+02:00,23.57,23.57,23.25,23.53,18.73,651776
2019-08-20 00:00:00+02:00,23.49,23.56,23.24,23.25,18.51,2549514
2019-08-21 00:00:00+02:00,23.31,23.43,23.16,23.32,18.56,481241
2019-08-22 00:00:00+02:00,23.29,23.41,22.97,22.97,18.28,954060
2019-08-23 00:00:00+02:00,23.06,23.27,23.0,23.07,18.36,1845652
2019-08-26 00:00:00+02:00,23.01,23.11,22.94,23.09,18.38,306086
2019-08-27 00:00:00+02:00,23.08,23.52,23.08,23.44,18.66,1154950
2019-08-28 00:00:00+02:00,23.42,23.55,23.26,23.5,18.71,600483
2019-08-29 00:00:00+02:00,23.38,23.68,23.38,23.43,18.65,467217
2019-08-30 00:00:00+02:00,23.46,23.65,23.37,23.37,18.6,652550
2019-09-02 00:00:00+02:00,23.4,23.69,23.36,23.62,18.8,366061
2019-09-03 00:00:00+02:00,23.57,23.76,23.52,23.63,18.81,987274
2019-09-04 00:00:00+02:00,23.65,23.86,23.61,23.85,18.98,954146
2019-09-05 00:00:00+02:00,23.89,23.91,23.64,23.71,18.87,957073
2019-09-06 00:00:00+02:00,23.69,23.73,23.47,23.6,18.79,1349125
2019-09-09 00:00:00+02:00,23.6,23.73,23.3,23.37,18.6,950707
2019-09-10 00:00:00+02:00,23.35,23.49,22.96,23.43,18.65,1279339
2019-09-11 00:00:00+02:00,23.5,23.5,22.89,23.38,18.61,1041860
2019-09-12 00:00:00+02:00,23.4,23.86,23.34,23.56,18.75,927710
2019-09-13 00:00:00+02:00,23.47,23.53,23.31,23.39,18.62,776312
2019-09-16 00:00:00+02:00,23.33,23.45,23.26,23.28,18.53,829949
2019-09-17 00:00:00+02:00,23.24,23.53,23.16,23.53,18.73,939788
2019-09-18 00:00:00+02:00,23.47,23.69,23.37,23.61,18.79,1144839
2019-09-19 00:00:00+02:00,23.68,23.74,23.47,23.62,18.8,803114
2019-09-20 00:00:00+02:00,23.64,23.84,23.57,23.59,18.78,2346394
2019-09-23 00:00:00+02:00,23.65,23.89,23.59,23.71,18.87,683014
2019-09-24 00:00:00+02:00,23.76,23.94,23.64,23.94,19.06,610686
2019-09-25 00:00:00+02:00,23.93,23.97,23.52,23.53,18.73,886771
2019-09-26 00:00:00+02:00,23.56,24.15,23.56,24.01,19.11,806839
2019-09-27 00:00:00+02:00,23.91,24.0,23.61,23.85,18.98,921264
2019-09-30 00:00:00+02:00,23.89,24.14,23.82,24.14,19.22,1046350
2019-10-01 00:00:00+02:00,24.2,24.2,23.76,23.89,19.02,877766
2019-10-02 00:00:00+02:00,23.91,23.94,23.47,23.47,18.68,2149209
2019-10-03 00:00:00+02:00,23.46,23.76,23.39,23.55,18.75,708760
2019-10-04 00:00:00+02:00,23.54,23.86,23.35,23.81,18.95,1223500
2019-10-07 00:00:00+02:00,23.75,23.97,23.74,23.88,19.01,836774
2019-10-08 00:00:00+02:00,23.99,23.99,23.62,23.62,18.8,1070461
2019-10-09 00:00:00+02:00,23.7,23.79,23.55,23.75,18.91,1568287
2019-10-10 00:00:00+02:00,23.82,23.82,23.43,23.48,18.69,1052878
2019-10-11 00:00:00+02:00,23.63,23.63,23.35,23.5,18.71,1078751
2019-10-14 00:00:00+02:00,23.45,23.61,23.38,23.39,18.62,698028
2019-10-15 00:00:00+02:00,23.44,23.6,23.4,23.56,18.75,930585
2019-10-16 00:00:00+02:00,23.54,23.68,23.35,23.44,18.66,966229
2019-10-17 00:00:00+02:00,23.5,23.67,23.39,23.39,18.62,1312051
2019-10-18 00:00:00+02:00,23.42,23.68,23.32,23.68,18.85,746809
2019-10-21 00:00:00+02:00,23.68,23.72,23.36,23.57,18.76,775876
2019-10-22 00:00:00+02:00,23.5,23.72,23.45,23.65,18.83,543978
2019-10-23 00:00:00+02:00,23.59,23.8,23.5,23.8,18.95,920147
2019-10-24 00:00:00+02:00,23.81,24.08,23.73,24.04,19.14,990338
2019-10-25 00:00:00+02:00,23.99,24.09,23.86,23.91,19.03,652058
2019-10-28 00:00:00+01:00,23.85,23.86,23.69,23.83,18.97,793390
2019-10-29 00:00:00+01:00,23.75,23.88,23.63,23.85,18.98,726440
2019-10-30 00:00:00+01:00,23.9,24.17,23.82,24.14,19.22,686382
2019-10-31 00:00:00+01:00,24.12,24.51,24.12,24.4,19.42,1274185
2019-11-01 00:00:00+01:00,24.41,24.44,23.97,24.25,19.3,761744
2019-11-04 00:00:00+01:00,24.33,24.47,24.22,24.27,19.32,975491
2019-11-05 00:00:00+01:00,24.2,24.26,23.71,24.07,19.16,1832226
2019-11-06 00:00:00+01:00,23.93,24.1,23.72,24.03,19.13,1094680
2019-11-07 00:00:00+01:00,24.06,24.15,23.63,23.66,18.83,1159589
2019-11-08 00:00:00+01:00,23.65,24.0,23.64,23.91,19.03,1088921
2019-11-11 00:00:00+01:00,23.86,23.96,23.77,23.9,19.02,877953
2019-11-12 00:00:00+01:00,23.88,23.95,23.7,23.75,18.91,1066373
2019-11-13 00:00:00+01:00,23.71,23.9,23.35,23.68,18.85,1250357
2019-11-14 00:00:00+01:00,23.8,23.92,23.39,23.41,18.63,827171
2019-11-15 00:00:00+01:00,23.41,23.83,23.4,23.69,18.86,1974893
2019-11-18 00:00:00+01:00,23.69,24.24,23.62,24.19,19.26,1359338
2019-11-19 00:00:00+01:00,24.1,24.5,24.1,24.35,19.38,1163049
2019-11-20 00:00:00+01:00,24.32,24.43,24.22,24.31,19.35,992381
2019-11-21 00:00:00+01:00,24.28,24.45,24.14,24.25,19.3,909898
2019-11-22 00:00:00+01:00,24.19,24.45,24.13,24.21,19.27,734539
2019-11-25 00:00:00+01:00,24.35,24.75,24.23,24.62,19.6,1714013
2019-11-26 00:00:00+01:00,24.6,24.6,24.3,24.37,19.4,4721076
2019-11-27 00:00:00+01:00,24.6,24.67,24.41,24.56,19.55,1435436
2019-11-28 00:00:00+01:00,24.67,24.92,24.6,24.7,19.66,1363708
2019-11-29 00:00:00+01:00,24.7,24.79,24.54,24.68,19.65,996096
2019-12-02 00:00:00+01:00,24.78,24.78,23.88,23.93,19.05,1330341
2019-12-03 00:00:00+01:00,23.99,24.16,23.84,23.96,19.07,2582283
2019-12-04 00:00:00+01:00,24.0,24.31,23.9,24.23,19.29,940818
2019-12-05 00:00:00+01:00,24.23,24.42,24.16,24.17,19.24,1184563
2019-12-06 00:00:00+01:00,24.22,24.4,24.1,24.34,19.37,717838
2019-12-09 00:00:00+01:00,24.3,24.37,24.14,24.28,19.33,1695904
2019-12-10 00:00:00+01:00,24.27,24.34,24.03,24.24,19.3,3042852
2019-12-11 00:00:00+01:00,24.23,24.39,24.17,24.29,19.34,1245109
2019-12-12 00:00:00+01:00,24.39,24.48,24.14,24.14,19.22,1665173
2019-12-13 00:00:00+01:00,24.3,24.35,24.1,24.28,19.33,1165491
2019-12-16 00:00:00+01:00,24.43,24.65,24.41,24.6,19.58,1312562
2019-12-17 00:00:00+01:00,24.65,24.75,24.47,24.55,19.54,1239599
2019-12-18 00:00:00+01:00,24.6,24.75,24.38,24.38,19.41,1026549
2019-12-19 00:00:00+01:00,24.47,24.55,24.38,24.5,19.5,3646569
2019-12-20 00:00:00+01:00,24.63,24.87,24.53,24.87,19.8,4255165
2019-12-23 00:00:00+01:00,24.88,25.14,24.75,25.14,20.01,1319845
2019-12-24 00:00:00+01:00,25.13,25.25,24.97,25.2,20.06,371930
2019-12-25 00:00:00+01:00,25.2,25.2,25.2,25.2,20.06,0
2019-12-27 00:00:00+01:00,25.44,25.57,25.26,25.49,20.29,1988617
2019-12-30 00:00:00+01:00,24.82,24.85,24.3,24.37,19.95,962327
2019-12-31 00:00:00+01:00,24.2,24.2,23.73,23.79,19.47,676458
2020-01-02 00:00:00+01:00,23.88,24.01,23.69,23.87,19.54,3459980
2020-01-03 00:00:00+01:00,23.83,23.86,23.6,23.82,19.5,4841282
2020-01-06 00:00:00+01:00,23.69,23.8,23.57,23.67,19.37,719575
2020-01-07 00:00:00+01:00,23.65,23.67,23.11,23.17,18.96,1241182
2020-01-08 00:00:00+01:00,23.1,23.15,22.87,23.0,18.83,1323236
2020-01-09 00:00:00+01:00,23.03,23.29,22.99,23.21,19.0,1706519
2020-01-10 00:00:00+01:00,23.29,23.62,23.21,23.5,19.23,784962
2020-01-13 00:00:00+01:00,23.56,23.59,23.42,23.57,19.29,955669
2020-01-14 00:00:00+01:00,23.54,23.64,23.28,23.64,19.35,1126070
2020-01-15 00:00:00+01:00,23.6,23.87,23.35,23.82,19.5,2376018
2020-01-16 00:00:00+01:00,23.85,24.22,23.79,24.15,19.77,1223826
2020-01-17 00:00:00+01:00,24.2,24.75,24.2,24.55,20.09,1264283
2020-01-20 00:00:00+01:00,24.61,24.65,24.42,24.64,20.17,595386
2020-01-21 00:00:00+01:00,24.52,24.52,24.26,24.35,19.93,806886
2020-01-22 00:00:00+01:00,24.36,24.56,24.36,24.39,19.96,1174276
2020-01-23 00:00:00+01:00,24.41,24.66,24.33,24.52,20.07,746347
2020-01-24 00:00:00+01:00,24.58,24.69,24.4,24.65,20.18,994522
2020-01-27 00:00:00+01:00,24.37,24.55,24.22,24.22,19.82,1023518
2020-01-28 00:00:00+01:00,24.22,24.66,24.22,24.63,20.16,1935679
2020-01-29 00:00:00+01:00,24.67,24.91,24.6,24.78,20.28,1162152
2020-01-30 00:00:00+01:00,24.69,24.95,24.66,24.81,20.31,974080
2020-01-31 00:00:00+01:00,24.82,24.91,24.58,24.77,20.27,922132
2020-02-03 00:00:00+01:00,24.79,24.92,24.7,24.76,20.27,973021
2020-02-04 00:00:00+01:00,24.75,24.85,24.58,24.63,20.16,1021840
2020-02-05 00:00:00+01:00,24.58,24.85,24.24,24.84,20.33,980370
2020-02-06 00:00:00+01:00,24.81,25.07,24.73,25.07,20.52,1324846
2020-02-07 00:00:00+01:00,25.0,25.2,24.92,24.99,20.45,879086
2020-02-10 00:00:00+01:00,25.03,25.08,24.86,25.0,20.46,452387
2020-02-11 00:00:00+01:00,25.15,25.18,24.88,25.11,20.55,1636458
2020-02-12 00:00:00+01:00,25.08,25.21,24.87,25.02,20.48,734829
2020-02-13 00:00:00+01:00,24.97,25.14,24.78,24.98,20.45,811528
2020-02-14 00:00:00+01:00,25.07,25.22,25.02,25.1,20.54,1048196
2020-02-17 00:00:00+01:00,25.22,25.46,25.09,25.46,20.84,1105066
2020-02-18 00:00:00+01:00,25.36,25.71,25.36,25.71,21.04,1107555
2020-02-19 00:00:00+01:00,25.74,26.26,25.67,26.12,21.38,1428587
2020-02-20 00:00:00+01:00,25.78,26.07,25.77,25.82,21.13,1177025
2020-02-21 00:00:00+01:00,25.79,26.04,25.75,25.84,21.15,877033
2020-02-24 00:00:00+01:00,25.22,25.44,24.86,25.08,20.53,1951498
2020-02-25 00:00:00+01:00,24.6,25.28,24.56,24.59,20.13,1803921
2020-02-26 00:00:00+01:00,24.44,24.89,24.08,24.68,20.2,1748084
2020-02-27 00:00:00+01:00,24.51,24.9,24.0,24.0,19.64,1788987
2020-02-28 00:00:00+01:00,23.69,23.7,22.88,23.23,19.01,3655916
2020-03-02 00:00:00+01:00,23.59,23.86,23.14,23.51,19.24,1912402
2020-03-03 00:00:00+01:00,24.16,24.27,23.8,23.95,19.6,4394602
2020-03-04 00:00:00+01:00,24.01,24.37,23.81,24.37,19.95,1862334
2020-03-05 00:00:00+01:00,24.48,24.5,24.03,24.22,19.82,1593686
2020-03-06 00:00:00+01:00,24.0,24.07,23.1,23.21,19.0,2188926
2020-03-09 00:00:00+01:00,21.92,22.59,21.45,21.45,17.56,2519414
2020-03-10 00:00:00+01:00,21.6,21.81,20.4,20.4,16.7,3330832
2020-03-11 00:00:00+01:00,20.52,20.85,20.02,20.09,16.44,1946036
2020-03-12 00:00:00+01:00,19.12,19.41,16.82,16.89,13.82,3632853
2020-03-13 00:00:00+01:00,17.27,18.58,16.78,17.08,13.98,2493652
2020-03-16 00:00:00+01:00,16.5,16.62,15.27,15.5,12.69,4291949
2020-03-17 00:00:00+01:00,16.26,16.48,15.12,16.05,13.14,2452094
2020-03-18 00:00:00+01:00,16.45,16.5,14.77,16.08,13.16,2985237
2020-03-19 00:00:00+01:00,16.46,16.83,15.94,16.4,13.42,1956908
2020-03-20 00:00:00+01:00,16.95,17.29,16.5,17.09,13.99,2579539
2020-03-23 00:00:00+01:00,17.0,17.09,16.14,16.75,13.71,1509415
2020-03-24 00:00:00+01:00,17.2,17.69,16.81,17.58,14.39,1313890
2020-03-25 00:00:00+01:00,18.14,18.76,17.45,18.21,14.9,1578140
2020-03-26 00:00:00+01:00,18.06,19.47,17.73,19.31,15.8,1386991
2020-03-27 00:00:00+01:00,19.44,19.9,18.67,19.38,15.86,1771880
2020-03-30 00:00:00+02:00,19.37,19.5,18.08,19.39,15.87,1973088
2020-03-31 00:00:00+02:00,19.57,19.86,19.07,19.47,15.94,1356168
2020-04-01 00:00:00+02:00,19.2,19.42,18.74,18.98,15.53,1009358
2020-04-02 00:00:00+02:00,18.88,19.25,18.3,18.89,15.46,1451944
2020-04-03 00:00:00+02:00,18.97,18.99,18.44,18.44,15.1,1281016
2020-04-06 00:00:00+02:00,19.0,19.07,18.46,18.48,15.12,1179212
2020-04-07 00:00:00+02:00,19.04,19.62,18.72,18.88,15.45,1832587
2020-04-08 00:00:00+02:00,19.14,19.25,18.53,18.74,15.33,1238045
2020-04-09 00:00:00+02:00,19.04,19.92,18.78,19.92,16.3,1153633
2020-04-14 00:00:00+02:00,20.48,20.48,19.33,19.65,16.08,2253087
2020-04-15 00:00:00+02:00,19.56,19.8,19.37,19.52,15.98,1360058
2020-04-16 00:00:00+02:00,19.52,19.73,19.31,19.35,15.84,1352528
2020-04-17 00:00:00+02:00,19.73,19.73,19.16,19.55,16.0,1425632
2020-04-20 00:00:00+02:00,19.65,19.65,19.35,19.5,15.96,707522
2020-04-21 00:00:00+02:00,19.41,19.59,19.16,19.24,15.75,835867
2020-04-22 00:00:00+02:00,19.41,19.65,19.25,19.57,16.01,3294019
2020-04-23 00:00:00+02:00,19.65,19.75,19.32,19.32,15.81,1094004
2020-04-24 00:00:00+02:00,19.3,19.55,18.82,19.53,15.99,1067903
2020-04-27 00:00:00+02:00,19.82,19.82,19.08,19.3,15.8,798325
2020-04-28 00:00:00+02:00,19.5,19.99,19.24,19.91,16.3,1642925
2020-04-29 00:00:00+02:00,19.77,20.56,19.54,20.3,16.62,998165
2020-04-30 00:00:00+02:00,20.74,20.77,20.25,20.25,16.57,1552054
2020-05-04 00:00:00+02:00,19.75,20.06,19.51,19.55,16.0,1094186
2020-05-05 00:00:00+02:00,21.0,21.0,20.24,20.24,16.57,1102381
2020-05-06 00:00:00+02:00,20.2,20.43,20.05,20.14,16.48,2188205
2020-05-07 00:00:00+02:00,20.12,20.29,20.06,20.07,16.43,646347
2020-05-08 00:00:00+02:00,20.29,20.36,20.1,20.28,16.6,650324
2020-05-11 00:00:00+02:00,20.33,20.46,20.21,20.24,16.57,711618
2020-05-12 00:00:00+02:00,20.23,20.71,20.23,20.56,16.83,1476413
2020-05-13 00:00:00+02:00,20.45,21.05,20.34,20.72,16.96,1009255
2020-05-14 00:00:00+02:00,20.61,20.82,19.9,20.12,16.47,1073026
2020-05-15 00:00:00+02:00,20.47,20.47,19.92,19.92,16.3,789736
2020-05-18 00:00:00+02:00,20.28,20.55,20.17,20.4,16.7,629562
2020-05-19 00:00:00+02:00,20.65,20.65,19.84,20.07,16.43,1501366
2020-05-20 00:00:00+02:00,20.05,20.41,19.93,20.34,16.65,1281605
2020-05-21 00:00:00+02:00,20.18,20.66,20.1,20.43,16.72,1120286
2020-05-22 00:00:00+02:00,20.3,20.36,20.09,20.24,16.57,2235965
2020-05-25 00:00:00+02:00,20.35,20.52,20.24,20.52,16.8,435904
2020-05-26 00:00:00+02:00,20.66,20.94,20.52,20.72,16.96,1771423
2020-05-27 00:00:00+02:00,20.75,21.27,20.73,21.11,17.28,1596550
2020-05-28 00:00:00+02:00,21.25,21.76,21.03,21.67,17.74,1553504
2020-05-29 00:00:00+02:00,21.58,21.72,21.12,21.35,17.47,3098386
2020-06-01 00:00:00+02:00,21.5,21.72,21.4,21.7,17.76,953521
2020-06-02 00:00:00+02:00,21.81,22.02,21.65,21.96,17.97,1250237
2020-06-03 00:00:00+02:00,22.02,22.72,21.89,22.72,18.6,1305338
2020-06-04 00:00:00+02:00,22.55,22.81,22.42,22.44,18.37,1401823
2020-06-05 00:00:00+02:00,22.66,22.76,22.37,22.62,18.51,2528613
2020-06-08 00:00:00+02:00,22.44,22.88,22.35,22.69,18.57,1177022
2020-06-09 00:00:00+02:00,22.69,22.86,22.19,22.31,18.26,5144307
2020-06-10 00:00:00+02:00,22.31,22.56,22.05,22.06,18.06,1354504
2020-06-11 00:00:00+02:00,21.97,21.97,21.22,21.43,17.54,1408213
2020-06-12 00:00:00+02:00,21.42,21.66,21.21,21.43,17.54,826958
2020-06-15 00:00:00+02:00,21.03,21.72,20.86,21.59,17.67,1226862
2020-06-16 00:00:00+02:00,21.83,22.28,21.6,22.11,18.1,2415611
2020-06-17 00:00:00+02:00,22.04,22.33,21.93,22.05,18.05,3907829
2020-06-18 00:00:00+02:00,22.07,22.21,21.85,22.13,18.11,1041022
2020-06-19 00:00:00+02:00,22.24,22.65,22.19,22.42,18.35,5842106
2020-06-22 00:00:00+02:00,22.51,22.62,22.25,22.53,18.44,16593990
2020-06-23 00:00:00+02:00,22.65,23.02,22.57,22.9,18.74,9508260
2020-06-24 00:00:00+02:00,22.8,22.88,22.38,22.5,18.42,8909977
2020-06-25 00:00:00+02:00,22.51,22.74,22.21,22.44,18.37,1162106
2020-06-26 00:00:00+02:00,22.55,22.88,22.49,22.67,18.56,1874501
2020-06-29 00:00:00+02:00,22.0,22.08,21.58,21.9,18.56,973889
2020-06-30 00:00:00+02:00,21.96,22.01,21.72,21.93,18.58,1240220
2020-07-01 00:00:00+02:00,21.94,22.59,21.68,22.54,19.1,2376020
2020-07-02 00:00:00+02:00,22.69,23.35,22.6,23.35,19.79,1611741
2020-07-03 00:00:00+02:00,23.24,23.6,23.2,23.5,19.92,3886077
2020-07-06 00:00:00+02:00,23.7,23.8,23.39,23.45,19.87,14165120
2020-07-07 00:00:00+02:00,23.32,23.62,23.06,23.51,19.92,6809636
2020-07-08 00:00:00+02:00,23.4,23.76,23.28,23.63,20.03,8110406
2020-07-09 00:00:00+02:00,23.65,23.68,23.28,23.41,19.84,2021006
2020-07-10 00:00:00+02:00,23.35,23.88,23.26,23.86,20.22,1962389
2020-07-13 00:00:00+02:00,23.92,24.09,23.72,24.01,20.35,1054503
2020-07-14 00:00:00+02:00,23.83,24.15,23.75,24.09,20.42,1732664
2020-07-15 00:00:00+02:00,24.2,24.62,24.06,24.39,20.67,2641084
2020-07-16 00:00:00+02:00,24.06,24.47,23.9,24.39,20.67,1164938
2020-07-17 00:00:00+02:00,24.46,24.62,24.23,24.45,20.72,2844085
2020-07-20 00:00:00+02:00,24.46,24.77,24.39,24.67,20.91,754336
2020-07-21 00:00:00+02:00,24.87,24.91,24.49,24.49,20.75,1194188
2020-07-22 00:00:00+02:00,24.4,24.47,24.07,24.3,20.59,864859
2020-07-23 00:00:00+02:00,24.39,24.45,24.22,24.34,20.63,711991
2020-07-24 00:00:00+02:00,24.24,24.27,23.78,23.88,20.24,1937918
2020-07-27 00:00:00+02:00,23.8,24.1,23.76,23.76,20.14,893891
2020-07-28 00:00:00+02:00,23.83,24.79,23.76,24.64,20.88,1974510
2020-07-29 00:00:00+02:00,24.66,24.85,24.44,24.63,20.87,1456310
2020-07-30 00:00:00+02:00,24.52,24.54,23.85,23.96,20.31,1094340
2020-07-31 00:00:00+02:00,24.11,24.44,24.04,24.04,20.37,1219922
2020-08-03 00:00:00+02:00,24.02,24.58,23.68,24.43,20.7,1355907
2020-08-04 00:00:00+02:00,24.38,24.49,23.95,24.1,20.42,683996
2020-08-05 00:00:00+02:00,24.18,24.36,24.03,24.03,20.36,743789
2020-08-06 00:00:00+02:00,23.96,24.08,23.7,23.71,20.09,767474
2020-08-07 00:00:00+02:00,23.67,24.0,23.58,23.97,20.31,750525
2020-08-10 00:00:00+02:00,24.02,24.24,23.88,24.22,20.53,616671
2020-08-11 00:00:00+02:00,24.29,24.64,24.16,24.34,20.63,1029582
2020-08-12 00:00:00+02:00,24.23,24.68,24.09,24.68,20.92,1121038
2020-08-13 00:00:00+02:00,24.54,24.73,24.36,24.49,20.75,1082720
2020-08-14 00:00:00+02:00,24.43,24.43,23.85,23.96,20.31,899242
2020-08-17 00:00:00+02:00,23.94,24.03,23.8,23.94,20.29,751034
2020-08-18 00:00:00+02:00,23.88,24.15,23.67,23.77,20.14,993818
2020-08-19 00:00:00+02:00,23.77,23.82,23.5,23.7,20.08,1167218
2020-08-20 00:00:00+02:00,23.5,23.51,23.32,23.4,19.83,1126542
2020-08-21 00:00:00+02:00,23.48,23.5,23.18,23.44,19.86,525352
2020-08-24 00:00:00+02:00,23.6,23.77,23.58,23.7,20.08,1050260
2020-08-25 00:00:00+02:00,23.77,23.86,23.51,23.62,20.02,801419
2020-08-26 00:00:00+02:00,23.57,23.57,23.24,23.39,19.82,1030058
2020-08-27 00:00:00+02:00,23.35,23.6,23.3,23.32,19.76,612727
2020-08-28 00:00:00+02:00,23.4,23.43,23.12,23.3,19.75,473680
2020-08-31 00:00:00+02:00,23.43,23.55,23.22,23.23,19.69,755329
2020-09-01 00:00:00+02:00,23.46,23.61,23.31,23.31,19.75,846100
2020-09-02 00:00:00+02:00,23.39,23.6,23.33,23.51,19.92,602684
2020-09-03 00:00:00+02:00,23.65,23.92,23.4,23.46,19.88,1408816
2020-09-04 00:00:00+02:00,23.42,23.54,22.91,22.91,19.42,1355477
2020-09-07 00:00:00+02:00,22.96,23.53,22.9,23.43,19.86,790677
2020-09-08 00:00:00+02:00,23.47,23.55,22.91,23.04,19.53,639607
2020-09-09 00:00:00+02:00,23.08,23.5,23.02,23.41,19.84,1353823
2020-09-10 00:00:00+02:00,23.45,23.53,23.19,23.29,19.74,687177
2020-09-11 00:00:00+02:00,23.36,23.6,23.26,23.58,19.98,942406
2020-09-14 00:00:00+02:00,23.62,23.62,23.18,23.19,19.65,562101
2020-09-15 00:00:00+02:00,23.45,23.92,23.4,23.78,20.15,978938
2020-09-16 00:00:00+02:00,23.63,23.75,23.35,23.39,19.82,1435388
2020-09-17 00:00:00+02:00,23.25,23.49,23.17,23.31,19.75,578412
2020-09-18 00:00:00+02:00,23.22,23.3,22.96,22.96,19.46,1311757
2020-09-21 00:00:00+02:00,22.99,23.04,22.45,22.57,19.13,936305
2020-09-22 00:00:00+02:00,22.61,22.72,22.37,22.37,18.96,602985
2020-09-23 00:00:00+02:00,22.57,22.8,22.44,22.46,19.03,659377
2020-09-24 00:00:00+02:00,22.27,22.8,22.18,22.62,19.17,1153386
2020-09-25 00:00:00+02:00,22.64,22.95,22.59,22.92,19.42,753749
2020-09-28 00:00:00+02:00,23.05,23.25,22.97,23.11,19.58,728055
2020-09-29 00:00:00+02:00,23.1,23.25,22.98,22.98,19.47,595423
2020-09-30 00:00:00+02:00,22.92,23.2,22.83,22.83,19.35,812735
2020-10-01 00:00:00+02:00,23.03,23.22,22.89,22.95,19.45,694730
2020-10-02 00:00:00+02:00,23.08,23.18,22.85,23.11,19.58,738514
2020-10-05 00:00:00+02:00,23.22,23.36,22.98,23.24,19.7,523912
2020-10-06 00:00:00+02:00,23.2,23.31,23.06,23.13,19.6,701086
2020-10-07 00:00:00+02:00,23.21,23.26,22.93,23.11,19.58,805052
2020-10-08 00:00:00+02:00,23.18,23.45,23.17,23.37,19.81,821391
2020-10-09 00:00:00+02:00,23.31,23.38,23.05,23.31,19.75,1588746
2020-10-12 00:00:00+02:00,23.39,23.77,23.27,23.75,20.13,723084
2020-10-13 00:00:00+02:00,23.75,23.86,23.47,23.74,20.12,1667051
2020-10-14 00:00:00+02:00,23.75,24.29,23.58,24.18,20.49,1168044
2020-10-15 00:00:00+02:00,24.02,24.1,23.63,23.79,20.16,1029109
2020-10-16 00:00:00+02:00,23.87,24.1,23.74,24.1,20.42,1089252
2020-10-19 00:00:00+02:00,24.17,24.22,23.92,23.97,20.31,873911
2020-10-20 00:00:00+02:00,24.0,24.17,23.82,23.98,20.32,1344888
2020-10-21 00:00:00+02:00,23.98,24.03,23.48,23.74,20.12,1171580
2020-10-22 00:00:00+02:00,23.7,23.98,23.45,23.78,20.15,741294
2020-10-23 00:00:00+02:00,23.71,24.22,23.7,24.11,20.43,547777
2020-10-26 00:00:00+01:00,23.82,24.04,23.81,23.86,20.22,572198
2020-10-27 00:00:00+01:00,24.13,24.15,23.48,23.57,19.97,1025384
2020-10-28 00:00:00+01:00,23.28,23.3,22.6,22.77,19.3,1282500
2020-10-29 00:00:00+01:00,22.69,23.05,22.59,22.67,19.21,1720879
2020-10-30 00:00:00+01:00,22.5,23.01,22.41,23.01,19.5,1060191
2020-11-02 00:00:00+01:00,23.1,23.57,22.98,23.57,19.97,685583
2020-11-03 00:00:00+01:00,23.72,23.91,23.54,23.91,20.26,927875
2020-11-04 00:00:00+01:00,23.75,24.24,23.34,24.22,20.53,647343
2020-11-05 00:00:00+01:00,24.23,24.67,24.22,24.27,20.57,1170188
2020-11-06 00:00:00+01:00,24.12,24.42,24.04,24.38,20.66,795944
2020-11-09 00:00:00+01:00,24.51,25.15,24.04,24.17,20.48,1548707
2020-11-10 00:00:00+01:00,24.09,24.2,23.67,24.13,20.45,2596879
2020-11-11 00:00:00+01:00,24.2,24.53,24.19,24.53,20.79,1394192
2020-11-12 00:00:00+01:00,24.4,24.67,24.17,24.2,20.51,999130
2020-11-13 00:00:00+01:00,24.11,24.24,23.98,24.15,20.47,952650
2020-11-16 00:00:00+01:00,24.24,24.58,24.16,24.27,20.57,1247037
2020-11-17 00:00:00+01:00,24.17,24.32,23.88,24.0,20.34,1558315
2020-11-18 00:00:00+01:00,24.0,24.37,24.0,24.23,20.53,1056397
2020-11-19 00:00:00+01:00,24.05,24.72,24.05,24.69,20.92,1381512
2020-11-20 00:00:00+01:00,24.63,24.86,24.49,24.82,21.03,1000450
2020-11-23 00:00:00+01:00,24.92,24.93,24.68,24.71,20.94,1349839
2020-11-24 00:00:00+01:00,24.84,24.88,24.04,24.3,20.59,1463595
2020-11-25 00:00:00+01:00,24.36,24.37,23.89,23.95,20.3,1887637
2020-11-26 00:00:00+01:00,24.07,24.08,23.83,23.95,20.3,1731668
2020-11-27 00:00:00+01:00,23.9,24.29,23.88,24.29,20.58,1109900
2020-11-30 00:00:00+01:00,24.15,24.22,23.93,23.97,20.31,2596279
2020-12-01 00:00:00+01:00,23.95,23.95,23.22,23.37,19.81,1671503
2020-12-02 00:00:00+01:00,23.29,23.51,23.15,23.29,19.74,1782131
2020-12-03 00:00:00+01:00,23.3,23.43,22.83,22.86,19.37,1684874
2020-12-04 00:00:00+01:00,22.83,22.96,22.61,22.62,19.17,2679920
2020-12-07 00:00:00+01:00,22.52,22.75,22.38,22.72,19.25,1499620
2020-12-08 00:00:00+01:00,22.7,22.74,22.46,22.55,19.11,805180
2020-12-09 00:00:00+01:00,22.64,22.66,22.47,22.61,19.16,1281761
2020-12-10 00:00:00+01:00,22.68,22.88,22.58,22.77,19.3,1398424
2020-12-11 00:00:00+01:00,22.77,23.08,22.57,22.95,19.45,2054384
2020-12-14 00:00:00+01:00,23.04,23.06,22.7,22.75,19.28,2584369
2020-12-15 00:00:00+01:00,22.79,22.79,22.28,22.28,18.88,2461192
2020-12-16 00:00:00+01:00,22.31,22.61,22.28,22.51,19.08,2181151
2020-12-17 00:00:00+01:00,22.56,22.78,22.32,22.76,19.29,1523501
2020-12-18 00:00:00+01:00,22.61,22.83,22.61,22.7,19.24,1699208
2020-12-21 00:00:00+01:00,22.5,22.5,22.0,22.13,18.75,9793817
2020-12-22 00:00:00+01:00,22.2,22.73,22.18,22.7,19.24,4181062
2020-12-23 00:00:00+01:00,22.75,23.07,22.75,23.0,19.49,2215394
2020-12-24 00:00:00+01:00,23.05,23.05,22.71,22.82,19.34,368421
2020-12-28 00:00:00+01:00,23.39,23.39,23.01,23.19,19.65,1004941
2020-12-29 00:00:00+01:00,23.39,23.63,23.22,23.35,19.79,1559075
2020-12-30 00:00:00+01:00,22.71,22.82,22.52,22.59,19.74,1084445
2020-12-31 00:00:00+01:00,22.55,22.56,22.28,22.35,19.53,355857
2021-01-04 00:00:00+01:00,22.45,22.66,22.3,22.37,19.54,9449377
2021-01-05 00:00:00+01:00,22.32,22.42,22.07,22.17,19.37,5070297
2021-01-06 00:00:00+01:00,22.27,22.64,22.1,22.64,19.78,1005855
2021-01-07 00:00:00+01:00,22.72,22.73,22.43,22.53,19.68,6409570
2021-01-08 00:00:00+01:00,22.53,22.78,22.43,22.78,19.9,1262658
2021-01-11 00:00:00+01:00,22.5,22.69,22.37,22.43,19.6,1282971
2021-01-12 00:00:00+01:00,22.45,22.46,21.76,21.8,19.05,1267991
2021-01-13 00:00:00+01:00,22.0,22.45,21.95,22.44,19.6,2272290
2021-01-14 00:00:00+01:00,22.47,22.68,22.27,22.68,19.81,1431745
2021-01-15 00:00:00+01:00,22.68,22.68,22.24,22.49,19.65,1603125
2021-01-18 00:00:00+01:00,22.47,22.47,22.09,22.32,19.5,1259484
2021-01-19 00:00:00+01:00,22.38,22.48,22.25,22.43,19.6,2935923
2021-01-20 00:00:00+01:00,22.31,22.35,21.92,22.04,19.26,1240359
2021-01-21 00:00:00+01:00,22.04,22.19,21.76,21.76,19.01,2834424
2021-01-22 00:00:00+01:00,21.81,21.94,21.62,21.92,19.15,1023805
2021-01-25 00:00:00+01:00,21.99,22.13,21.7,21.98,19.2,1064406
2021-01-26 00:00:00+01:00,22.0,22.26,21.84,21.84,19.08,853540
2021-01-27 00:00:00+01:00,21.9,21.96,21.26,21.51,18.79,1218402
2021-01-28 00:00:00+01:00,21.28,21.84,21.1,21.74,18.99,907019
2021-01-29 00:00:00+01:00,21.5,21.58,21.1,21.1,18.43,1311944
2021-02-01 00:00:00+01:00,21.16,21.57,21.16,21.51,18.79,804379
2021-02-02 00:00:00+01:00,21.55,21.64,21.44,21.55,18.83,1640915
2021-02-03 00:00:00+01:00,21.59,21.93,21.5,21.82,19.06,1109953
2021-02-04 00:00:00+01:00,21.86,21.88,21.51,21.64,18.91,984202
2021-02-05 00:00:00+01:00,21.64,21.7,21.45,21.5,18.78,1086346
2021-02-08 00:00:00+01:00,21.45,21.58,21.35,21.39,18.69,727470
2021-02-09 00:00:00+01:00,21.35,21.39,21.12,21.19,18.51,641738
2021-02-10 00:00:00+01:00,21.55,22.11,21.51,21.62,18.89,1389604
2021-02-11 00:00:00+01:00,21.72,21.72,21.43,21.46,18.75,658439
2021-02-12 00:00:00+01:00,21.49,21.93,21.41,21.93,19.16,989612
2021-02-15 00:00:00+01:00,21.95,21.95,21.69,21.83,19.07,774038
2021-02-16 00:00:00+01:00,21.89,21.89,21.58,21.64,18.91,873917
2021-02-17 00:00:00+01:00,21.54,21.86,21.42,21.86,19.1,1340474
2021-02-18 00:00:00+01:00,22.0,22.07,21.69,21.75,19.0,847691
2021-02-19 00:00:00+01:00,21.75,21.93,21.59,21.71,18.97,1715323
2021-02-22 00:00:00+01:00,21.7,21.74,21.38,21.38,18.68,1131903
2021-02-23 00:00:00+01:00,21.47,21.57,21.07,21.57,18.84,1268003
2021-02-24 00:00:00+01:00,22.17,22.29,21.08,21.22,18.54,2183243
2021-02-25 00:00:00+01:00,21.31,21.35,20.7,20.7,18.08,2245665
2021-02-26 00:00:00+01:00,20.71,20.99,20.55,20.55,17.95,1418853
2021-03-01 00:00:00+01:00,20.65,20.9,20.5,20.66,18.05,1092600
2021-03-02 00:00:00+01:00,20.7,21.18,20.67,20.78,18.15,1136259
2021-03-03 00:00:00+01:00,20.83,20.84,20.19,20.32,17.75,1699626
2021-03-04 00:00:00+01:00,20.33,20.96,20.32,20.89,18.25,1331954
2021-03-05 00:00:00+01:00,20.78,20.82,20.51,20.57,17.97,1128559
2021-03-08 00:00:00+01:00,20.57,20.77,20.29,20.62,18.01,2562108
2021-03-09 00:00:00+01:00,20.72,21.46,20.64,21.09,18.43,1473510
2021-03-10 00:00:00+01:00,21.18,21.61,21.09,21.6,18.87,2139706
2021-03-11 00:00:00+01:00,21.63,21.84,21.56,21.69,18.95,1149817
2021-03-12 00:00:00+01:00,21.71,21.73,21.53,21.7,18.96,665186
2021-03-15 00:00:00+01:00,21.95,21.97,21.75,21.75,19.0,1094699
2021-03-16 00:00:00+01:00,21.8,21.96,21.68,21.85,19.09,1050212
2021-03-17 00:00:00+01:00,21.82,21.92,21.67,21.68,18.94,910300
2021-03-18 00:00:00+01:00,21.69,21.75,21.57,21.66,18.92,1123758
2021-03-19 00:00:00+01:00,21.69,22.11,21.65,22.08,19.29,2069929
2021-03-22 00:00:00+01:00,22.06,22.24,21.77,22.21,19.4,900655
2021-03-23 00:00:00+01:00,22.12,22.66,21.98,22.5,19.66,1681761
2021-03-24 00:00:00+01:00,22.52,22.52,22.07,22.3,19.48,2614516
2021-03-25 00:00:00+01:00,22.32,22.55,22.25,22.48,19.64,1018937
2021-03-26 00:00:00+01:00,22.42,22.74,22.35,22.74,19.87,1010997
2021-03-29 00:00:00+02:00,22.75,22.93,22.72,22.84,19.95,1152456
2021-03-30 00:00:00+02:00,22.9,22.9,22.62,22.85,19.96,1221668
2021-03-31 00:00:00+02:00,22.84,22.9,22.55,22.56,19.71,1222233
2021-04-01 00:00:00+02:00,22.55,22.6,22.28,22.32,19.5,1017484
2021-04-06 00:00:00+02:00,22.36,22.62,22.32,22.62,19.76,1159092
2021-04-07 00:00:00+02:00,22.65,22.74,22.52,22.72,19.85,1120546
2021-04-08 00:00:00+02:00,22.79,23.04,22.72,22.96,20.06,1291478
2021-04-09 00:00:00+02:00,23.0,23.0,22.63,22.63,19.77,1021769
2021-04-12 00:00:00+02:00,22.68,22.81,22.59,22.65,19.79,702090
2021-04-13 00:00:00+02:00,22.66,22.67,22.33,22.33,19.51,1029714
2021-04-14 00:00:00+02:00,22.42,22.43,22.13,22.15,19.35,1332374
2021-04-15 00:00:00+02:00,22.26,22.33,21.91,22.0,19.22,1053253
2021-04-16 00:00:00+02:00,21.96,22.36,21.93,22.24,19.43,1022588
2021-04-19 00:00:00+02:00,22.17,22.35,21.96,22.2,19.4,2346714
2021-04-20 00:00:00+02:00,22.21,22.22,22.05,22.17,19.37,1647335
2021-04-21 00:00:00+02:00,22.17,22.26,21.93,21.96,19.19,1093185
2021-04-22 00:00:00+02:00,22.0,22.3,21.99,22.27,19.46,976985
2021-04-23 00:00:00+02:00,22.19,22.3,22.08,22.2,19.4,2240571
2021-04-26 00:00:00+02:00,22.3,22.46,22.17,22.25,19.44,943398
2021-04-27 00:00:00+02:00,22.36,22.47,22.1,22.18,19.38,1063326
2021-04-28 00:00:00+02:00,22.16,22.24,21.99,22.0,19.22,646917
2021-04-29 00:00:00+02:00,22.05,22.16,21.88,21.88,19.12,971180
2021-04-30 00:00:00+02:00,21.96,22.03,21.84,21.86,19.1,1259772
2021-05-03 00:00:00+02:00,21.89,22.03,21.82,22.01,19.23,652794
2021-05-04 00:00:00+02:00,22.1,22.16,21.8,21.8,19.05,1175054
2021-05-05 00:00:00+02:00,22.0,22.27,21.82,22.16,19.36,1470167
2021-05-06 00:00:00+02:00,22.1,22.11,21.76,21.99,19.21,1279650
2021-05-07 00:00:00+02:00,22.09,22.52,21.98,22.35,19.53,1093740
2021-05-10 00:00:00+02:00,22.36,22.48,22.14,22.39,19.56,848558
2021-05-11 00:00:00+02:00,22.31,22.31,21.83,21.95,19.18,1345843
2021-05-12 00:00:00+02:00,21.97,22.38,21.97,22.12,19.33,1792329
2021-05-13 00:00:00+02:00,22.02,22.48,21.82,22.47,19.63,1097901
2021-05-14 00:00:00+02:00,22.54,23.09,22.46,23.06,20.15,1594012
2021-05-17 00:00:00+02:00,23.15,23.29,23.07,23.14,20.22,1062375
2021-05-18 00:00:00+02:00,23.19,23.39,23.05,23.14,20.22,1228989
2021-05-19 00:00:00+02:00,23.04,23.14,22.71,22.87,19.98,1253572
2021-05-20 00:00:00+02:00,22.95,23.3,22.91,23.2,20.27,1097321
2021-05-21 00:00:00+02:00,23.28,23.42,23.09,23.09,20.17,870639
2021-05-24 00:00:00+02:00,23.27,23.35,23.12,23.22,20.29,578505
2021-05-25 00:00:00+02:00,23.25,23.39,23.18,23.31,20.36,1165773
2021-05-26 00:00:00+02:00,23.5,23.77,23.4,23.52,20.55,1035245
2021-05-27 00:00:00+02:00,23.58,23.68,23.43,23.49,20.52,1645369
2021-05-28 00:00:00+02:00,23.57,23.74,23.48,23.65,20.66,1152243
2021-05-31 00:00:00+02:00,23.2,23.2,22.3,22.3,19.48,3122978
2021-06-01 00:00:00+02:00,22.4,22.4,22.02,22.04,19.26,2068542
2021-06-02 00:00:00+02:00,21.9,22.07,21.66,22.02,19.24,1964962
2021-06-03 00:00:00+02:00,21.94,22.02,21.72,21.74,18.99,1464224
2021-06-04 00:00:00+02:00,21.75,21.87,21.58,21.79,19.04,1730367
2021-06-07 00:00:00+02:00,21.87,21.88,21.65,21.65,18.91,1354762
2021-06-08 00:00:00+02:00,21.67,21.83,21.61,21.8,19.05,1163367
2021-06-09 00:00:00+02:00,21.8,21.81,21.64,21.71,18.97,1120423
2021-06-10 00:00:00+02:00,21.79,21.8,21.62,21.7,18.96,1071286
2021-06-11 00:00:00+02:00,21.75,21.84,21.69,21.74,18.99,1041482
2021-06-14 00:00:00+02:00,21.9,22.3,21.87,22.29,19.47,1256890
2021-06-15 00:00:00+02:00,22.39,22.53,22.31,22.45,19.61,1567782
2021-06-16 00:00:00+02:00,22.53,22.9,22.49,22.83,19.95,1715296
2021-06-17 00:00:00+02:00,22.72,22.8,22.4,22.54,19.69,1158260
2021-06-18 00:00:00+02:00,22.46,22.59,22.31,22.46,19.62,9155322
2021-06-21 00:00:00+02:00,22.41,22.6,22.36,22.59,19.74,5581572
2021-06-22 00:00:00+02:00,22.69,22.69,22.54,22.56,19.71,4641319
2021-06-23 00:00:00+02:00,22.65,22.65,22.19,22.2,19.4,951506
2021-06-24 00:00:00+02:00,22.36,22.47,22.2,22.45,19.61,1092333
2021-06-25 00:00:00+02:00,22.47,22.54,22.21,22.47,19.63,3592515
2021-06-28 00:00:00+02:00,22.35,22.38,22.11,22.2,19.4,1676578
2021-06-29 00:00:00+02:00,21.25,21.28,20.57,20.92,19.43,1773781
2021-06-30 00:00:00+02:00,20.88,20.88,20.34,20.46,19.0,1876262
2021-07-01 00:00:00+02:00,20.52,20.85,20.45,20.78,19.3,1649895
2021-07-02 00:00:00+02:00,20.76,20.95,20.76,20.88,19.39,4760787
2021-07-05 00:00:00+02:00,20.94,20.94,20.64,20.82,19.33,7603196
2021-07-06 00:00:00+02:00,20.77,21.13,20.68,21.05,19.55,2473057
2021-07-07 00:00:00+02:00,21.14,21.53,21.08,21.42,19.89,4304625
2021-07-08 00:00:00+02:00,21.33,21.39,20.98,21.13,19.62,1428187
2021-07-09 00:00:00+02:00,21.13,21.28,21.04,21.25,19.73,3384747
2021-07-12 00:00:00+02:00,21.4,21.56,21.32,21.45,19.92,738552
2021-07-13 00:00:00+02:00,21.4,21.44,21.07,21.23,19.71,913702
2021-07-14 00:00:00+02:00,21.08,21.15,20.84,21.04,19.54,1132159
2021-07-15 00:00:00+02:00,20.94,20.97,20.57,20.61,19.14,834540
2021-07-16 00:00:00+02:00,20.63,20.81,20.5,20.68,19.2,826648
2021-07-19 00:00:00+02:00,20.63,20.73,20.31,20.43,18.97,1442494
2021-07-20 00:00:00+02:00,20.41,20.71,20.37,20.57,19.1,1414535
2021-07-21 00:00:00+02:00,20.59,20.84,20.52,20.81,19.32,1480438
2021-07-22 00:00:00+02:00,20.85,21.29,20.8,21.29,19.77,1121729
2021-07-23 00:00:00+02:00,21.34,21.41,21.2,21.35,19.83,978242
2021-07-26 00:00:00+02:00,21.25,21.35,21.13,21.23,19.71,708008
2021-07-27 00:00:00+02:00,21.12,21.17,20.6,20.89,19.4,1150543
2021-07-28 00:00:00+02:00,20.97,21.12,20.84,21.0,19.5,3052124
2021-07-29 00:00:00+02:00,20.8,20.92,20.74,20.74,19.26,944202
2021-07-30 00:00:00+02:00,20.74,20.76,20.51,20.51,19.05,1323239
2021-08-02 00:00:00+02:00,20.6,20.64,20.49,20.59,19.12,1160374
2021-08-03 00:00:00+02:00,20.7,21.21,20.62,21.14,19.63,1328138
2021-08-04 00:00:00+02:00,21.09,21.11,20.69,20.7,19.22,1363776
2021-08-05 00:00:00+02:00,20.79,20.84,20.53,20.53,19.06,979891
2021-08-06 00:00:00+02:00,20.6,20.7,20.48,20.68,19.2,815381
2021-08-09 00:00:00+02:00,20.68,20.94,20.65,20.82,19.33,1968005
2021-08-10 00:00:00+02:00,20.75,20.83,20.6,20.6,19.13,648551
2021-08-11 00:00:00+02:00,20.65,20.81,20.61,20.76,19.28,594592
2021-08-12 00:00:00+02:00,20.75,20.88,20.71,20.79,19.31,463176
2021-08-13 00:00:00+02:00,20.77,20.86,20.72,20.82,19.33,397058
2021-08-16 00:00:00+02:00,20.77,20.8,20.66,20.71,19.23,700370
2021-08-17 00:00:00+02:00,20.52,20.56,20.32,20.4,18.94,873436
2021-08-18 00:00:00+02:00,20.4,20.66,20.36,20.6,19.13,1016734
2021-08-19 00:00:00+02:00,20.54,20.81,20.41,20.8,19.31,895760
2021-08-20 00:00:00+02:00,20.84,21.14,20.8,21.03,19.53,1183189
2021-08-23 00:00:00+02:00,21.14,21.27,20.88,21.16,19.65,1902648
2021-08-24 00:00:00+02:00,21.08,21.12,20.68,20.75,19.27,1691618
2021-08-25 00:00:00+02:00,20.88,20.88,20.51,20.51,19.05,658763
2021-08-26 00:00:00+02:00,20.48,20.49,20.09,20.09,18.66,1280780
2021-08-27 00:00:00+02:00,20.16,20.21,20.05,20.06,18.63,508897
2021-08-30 00:00:00+02:00,20.05,20.18,19.97,20.1,18.66,956849
2021-08-31 00:00:00+02:00,20.22,20.47,20.17,20.36,18.91,1629023
2021-09-01 00:00:00+02:00,20.5,20.86,20.47,20.8,19.31,1281055
2021-09-02 00:00:00+02:00,20.77,20.98,20.73,20.85,19.36,1036204
2021-09-03 00:00:00+02:00,21.13,21.39,20.7,20.81,19.32,1760268
2021-09-06 00:00:00+02:00,20.79,20.94,20.6,20.74,19.26,549082
2021-09-07 00:00:00+02:00,20.75,20.75,20.41,20.44,18.98,928747
2021-09-08 00:00:00+02:00,20.43,20.43,20.16,20.27,18.82,1028959
2021-09-09 00:00:00+02:00,20.43,20.43,20.21,20.32,18.87,926868
2021-09-10 00:00:00+02:00,20.41,20.42,20.09,20.14,18.7,979897
2021-09-13 00:00:00+02:00,20.14,20.59,20.14,20.47,19.01,944698
2021-09-14 00:00:00+02:00,20.05,20.15,19.36,19.41,18.02,2348156
2021-09-15 00:00:00+02:00,19.32,19.34,18.08,18.17,16.87,3939922
2021-09-16 00:00:00+02:00,18.1,18.25,17.75,18.04,16.75,3463248
2021-09-17 00:00:00+02:00,18.16,18.49,18.16,18.22,16.92,3942145
2021-09-20 00:00:00+02:00,18.16,18.16,17.65,18.1,16.81,2466658
2021-09-21 00:00:00+02:00,18.53,18.65,18.2,18.33,17.02,2332578
2021-09-22 00:00:00+02:00,18.48,18.48,18.14,18.17,16.87,1280792
2021-09-23 00:00:00+02:00,18.36,18.36,18.05,18.16,16.86,1412572
2021-09-24 00:00:00+02:00,18.1,18.33,18.03,18.19,16.9,1434759
2021-09-27 00:00:00+02:00,18.3,18.38,18.11,18.25,16.95,923822
2021-09-28 00:00:00+02:00,18.25,18.3,17.97,18.07,16.78,2057843
2021-09-29 00:00:00+02:00,18.01,18.08,17.76,17.86,16.58,1217805
2021-09-30 00:00:00+02:00,18.0,18.0,17.42,17.42,16.18,1961795
2021-10-01 00:00:00+02:00,17.4,17.71,17.28,17.6,16.34,1377474
2021-10-04 00:00:00+02:00,17.83,17.84,17.59,17.59,16.33,1046191
2021-10-05 00:00:00+02:00,17.65,17.8,17.47,17.66,16.4,1303891
2021-10-06 00:00:00+02:00,17.61,17.68,17.42,17.63,16.37,1549680
2021-10-07 00:00:00+02:00,18.26,18.56,18.03,18.39,17.08,2969104
2021-10-08 00:00:00+02:00,18.4,18.65,18.32,18.5,17.18,2597307
2021-10-11 00:00:00+02:00,18.44,18.45,17.97,18.1,16.81,1501180
2021-10-12 00:00:00+02:00,17.99,18.16,17.81,18.12,16.83,3472211
2021-10-13 00:00:00+02:00,18.08,18.45,17.9,18.37,17.06,2397280
2021-10-14 00:00:00+02:00,18.45,19.04,18.36,18.84,17.5,2387398
2021-10-15 00:00:00+02:00,19.0,19.04,18.62,18.66,17.33,1506115
2021-10-18 00:00:00+02:00,18.65,18.78,18.55,18.65,17.31,1212375
2021-10-19 00:00:00+02:00,18.97,19.17,18.83,19.0,17.64,1363215
2021-10-20 00:00:00+02:00,18.67,19.15,18.64,19.04,17.68,1753060
2021-10-21 00:00:00+02:00,19.03,19.17,18.9,19.08,17.71,963397
2021-10-22 00:00:00+02:00,18.99,19.23,18.96,19.07,17.7,1722285
2021-10-25 00:00:00+02:00,19.12,19.18,18.99,19.01,17.66,1225996
2021-10-26 00:00:00+02:00,19.02,19.49,19.02,19.42,18.03,1590247
2021-10-27 00:00:00+02:00,19.4,19.81,19.32,19.81,18.4,1454568
2021-10-28 00:00:00+02:00,20.0,20.04,19.75,19.92,18.5,3202811
2021-10-29 00:00:00+02:00,19.95,20.05,19.82,19.94,18.52,1457675
2021-11-01 00:00:00+01:00,19.94,20.08,19.89,20.08,18.65,2812273
2021-11-02 00:00:00+01:00,20.04,20.18,19.96,20.18,18.74,981933
2021-11-03 00:00:00+01:00,20.0,20.13,19.87,20.0,18.57,1179093
2021-11-04 00:00:00+01:00,19.8,19.95,19.25,19.76,18.35,2203172
2021-11-05 00:00:00+01:00,20.0,20.2,19.89,20.0,18.57,1218005
2021-11-08 00:00:00+01:00,20.02,20.09,19.56,19.56,18.16,1122913
2021-11-09 00:00:00+01:00,19.58,19.71,19.46,19.54,18.14,1899565
2021-11-10 00:00:00+01:00,19.52,19.67,19.48,19.6,18.21,992525
2021-11-11 00:00:00+01:00,19.58,19.67,19.36,19.36,17.98,1234185
2021-11-12 00:00:00+01:00,19.3,19.42,19.05,19.2,17.83,1859373
2021-11-15 00:00:00+01:00,19.15,19.45,19.08,19.44,18.05,787905
2021-11-16 00:00:00+01:00,19.41,19.48,19.28,19.28,17.9,613671
2021-11-17 00:00:00+01:00,19.28,19.42,19.26,19.33,17.95,686939
2021-11-18 00:00:00+01:00,19.36,19.37,19.15,19.25,17.88,835240
2021-11-19 00:00:00+01:00,19.2,19.35,19.12,19.19,17.82,1865762
2021-11-22 00:00:00+01:00,19.2,19.47,19.09,19.42,18.03,815971
2021-11-23 00:00:00+01:00,19.32,19.7,19.17,19.62,18.22,989988
2021-11-24 00:00:00+01:00,19.7,19.89,19.62,19.8,18.38,1027511
2021-11-25 00:00:00+01:00,19.85,20.49,19.83,20.49,19.03,1607800
2021-11-26 00:00:00+01:00,20.11,20.28,19.93,20.08,18.65,1941590
2021-11-29 00:00:00+01:00,20.0,20.3,19.97,20.15,18.71,1089082
2021-11-30 00:00:00+01:00,20.05,20.21,19.56,19.83,18.42,2876889
2021-12-01 00:00:00+01:00,19.84,20.06,19.76,19.98,18.55,1298103
2021-12-02 00:00:00+01:00,19.85,19.85,19.4,19.45,18.06,1154609
2021-12-03 00:00:00+01:00,19.52,19.53,19.3,19.43,18.04,891840
2021-12-06 00:00:00+01:00,19.58,19.82,19.53,19.82,18.4,1611852
2021-12-07 00:00:00+01:00,19.93,20.08,19.83,19.83,18.42,1296449
2021-12-08 00:00:00+01:00,19.84,20.06,19.61,19.68,18.28,942955
2021-12-09 00:00:00+01:00,19.8,19.85,19.64,19.76,18.35,2257188
2021-12-10 00:00:00+01:00,19.7,19.8,19.62,19.64,18.23,618164
2021-12-13 00:00:00+01:00,19.64,19.78,19.55,19.7,18.3,757412
2021-12-14 00:00:00+01:00,19.75,19.75,19.51,19.51,18.12,899389
2021-12-15 00:00:00+01:00,19.59,19.92,19.58,19.85,18.44,838767
2021-12-16 00:00:00+01:00,20.0,20.09,19.75,20.0,18.57,1244618
2021-12-17 00:00:00+01:00,20.06,20.15,19.55,19.67,18.26,2791978
2021-12-20 00:00:00+01:00,19.4,19.64,19.22,19.58,18.19,786792
2021-12-21 00:00:00+01:00,19.82,20.16,19.73,20.1,18.66,7801765
2021-12-22 00:00:00+01:00,20.07,20.19,19.95,20.08,18.65,2277934
2021-12-23 00:00:00+01:00,20.15,20.3,20.01,20.3,18.85,1109171
2021-12-27 00:00:00+01:00,20.3,20.38,20.15,20.2,18.76,1060401
2021-12-28 00:00:00+01:00,20.33,20.59,20.28,20.58,19.11,750448
2021-12-29 00:00:00+01:00,20.69,20.69,20.42,20.51,19.05,864126
2021-12-30 00:00:00+01:00,20.01,20.2,19.96,20.2,19.23,987374
2022-01-03 00:00:00+01:00,20.2,20.26,20.08,20.18,19.21,650649
2022-01-04 00:00:00+01:00,20.18,20.36,20.03,20.24,19.26,4814820
2022-01-05 00:00:00+01:00,20.08,20.11,19.78,19.79,18.84,3693555
2022-01-06 00:00:00+01:00,19.6,19.62,19.36,19.53,18.59,2828796
2022-01-07 00:00:00+01:00,19.54,19.56,19.31,19.39,18.46,994624
2022-01-10 00:00:00+01:00,19.48,19.56,19.24,19.33,18.39,1369338
2022-01-11 00:00:00+01:00,19.34,19.38,19.13,19.16,18.24,3725278
2022-01-12 00:00:00+01:00,19.25,19.45,19.17,19.34,18.41,1934145
2022-01-13 00:00:00+01:00,19.39,19.65,19.3,19.49,18.55,1621102
2022-01-14 00:00:00+01:00,19.38,19.38,19.06,19.19,18.27,1391658
2022-01-17 00:00:00+01:00,19.27,19.46,19.17,19.42,18.49,633138
2022-01-18 00:00:00+01:00,19.41,19.48,19.32,19.41,18.47,739746
2022-01-19 00:00:00+01:00,19.28,19.58,19.28,19.58,18.64,1648182
2022-01-20 00:00:00+01:00,19.6,19.93,19.52,19.93,18.97,1006330
2022-01-21 00:00:00+01:00,19.82,19.98,19.67,19.76,18.81,968398
2022-01-24 00:00:00+01:00,19.7,19.83,19.35,19.43,18.5,1148117
2022-01-25 00:00:00+01:00,19.53,19.63,19.38,19.42,18.48,836144
2022-01-26 00:00:00+01:00,19.48,19.8,19.48,19.62,18.68,738482
2022-01-27 00:00:00+01:00,19.51,20.28,19.47,20.28,19.3,1888126
2022-01-28 00:00:00+01:00,20.27,20.27,19.86,20.0,19.04,895388
2022-01-31 00:00:00+01:00,20.16,20.19,19.79,19.84,18.89,1022984
2022-02-01 00:00:00+01:00,20.0,20.12,19.77,19.8,18.84,899439
2022-02-02 00:00:00+01:00,19.85,19.9,19.57,19.75,18.79,1262849
2022-02-03 00:00:00+01:00,19.72,19.88,19.35,19.41,18.47,827821
2022-02-04 00:00:00+01:00,19.66,19.85,19.08,19.17,18.25,1265632
2022-02-07 00:00:00+01:00,19.28,19.37,18.74,18.74,17.84,1604825
2022-02-08 00:00:00+01:00,18.78,19.02,18.68,18.85,17.94,1043724
2022-02-09 00:00:00+01:00,19.05,19.29,19.01,19.01,18.1,862384
2022-02-10 00:00:00+01:00,19.05,19.17,18.72,18.86,17.95,1015961
2022-02-11 00:00:00+01:00,18.8,18.85,18.51,18.72,17.82,1425060
2022-02-14 00:00:00+01:00,18.5,18.51,18.2,18.33,17.45,1238329
2022-02-15 00:00:00+01:00,18.31,18.65,18.25,18.53,17.64,940818
2022-02-16 00:00:00+01:00,18.54,18.65,18.42,18.63,17.73,946858
2022-02-17 00:00:00+01:00,18.6,18.92,18.58,18.77,17.87,1055089
2022-02-18 00:00:00+01:00,18.79,18.88,18.58,18.77,17.87,1238255
2022-02-21 00:00:00+01:00,18.77,18.8,18.27,18.3,17.42,916113
2022-02-22 00:00:00+01:00,18.05,18.27,17.94,18.1,17.23,1196094
2022-02-23 00:00:00+01:00,18.1,18.88,18.1,18.65,17.75,1792336
2022-02-24 00:00:00+01:00,18.01,18.5,17.82,18.25,17.37,2430224
2022-02-25 00:00:00+01:00,18.39,19.55,18.31,19.47,18.53,4385135
2022-02-28 00:00:00+01:00,19.19,19.67,19.11,19.67,18.72,2021646
2022-03-01 00:00:00+01:00,19.59,19.66,18.09,18.19,17.32,3193871
2022-03-02 00:00:00+01:00,18.28,18.6,18.0,18.3,17.42,2261029
2022-03-03 00:00:00+01:00,18.15,18.3,17.77,17.89,17.03,1977108
2022-03-04 00:00:00+01:00,17.9,18.37,17.78,17.83,16.98,1547473
2022-03-07 00:00:00+01:00,17.57,18.25,17.06,17.98,17.11,1940593
2022-03-08 00:00:00+01:00,17.79,18.71,17.78,18.08,17.21,1796354
2022-03-09 00:00:00+01:00,18.4,18.77,18.24,18.77,17.87,2129778
2022-03-10 00:00:00+01:00,18.7,18.84,18.15,18.43,17.55,1268539
2022-03-11 00:00:00+01:00,18.55,18.76,18.21,18.42,17.53,1370917
2022-03-14 00:00:00+01:00,18.58,18.73,18.47,18.51,17.62,719338
2022-03-15 00:00:00+01:00,18.38,18.75,18.28,18.7,17.8,1091398
2022-03-16 00:00:00+01:00,18.89,18.95,18.41,18.5,17.61,1770222
2022-03-17 00:00:00+01:00,18.17,18.58,17.9,18.58,17.68,1485621
2022-03-18 00:00:00+01:00,18.52,18.74,18.42,18.48,17.59,2369517
2022-03-21 00:00:00+01:00,18.42,18.84,18.42,18.62,17.73,1159651
2022-03-22 00:00:00+01:00,18.68,18.73,18.3,18.72,17.81,839815
2022-03-23 00:00:00+01:00,18.78,18.81,18.17,18.17,17.29,871943
2022-03-24 00:00:00+01:00,18.25,18.45,18.14,18.45,17.56,1495636
2022-03-25 00:00:00+01:00,18.38,18.59,18.31,18.42,17.53,598811
2022-03-28 00:00:00+02:00,18.45,18.99,18.44,18.93,18.02,873868
2022-03-29 00:00:00+02:00,19.0,19.23,18.92,19.16,18.24,1103494
2022-03-30 00:00:00+02:00,19.2,19.34,18.98,19.32,18.39,1105946
2022-03-31 00:00:00+02:00,19.34,19.85,19.24,19.77,18.82,1981646
2022-04-01 00:00:00+02:00,19.85,19.86,19.48,19.62,18.68,997246
2022-04-04 00:00:00+02:00,19.7,19.75,19.12,19.25,18.32,1536709
2022-04-05 00:00:00+02:00,19.29,19.86,18.94,19.8,18.84,1174149
2022-04-06 00:00:00+02:00,19.75,20.06,19.72,20.06,19.09,938278
2022-04-07 00:00:00+02:00,20.08,20.31,19.79,19.82,18.86,2291805
2022-04-08 00:00:00+02:00,20.0,20.13,19.83,20.03,19.06,1047300
2022-04-11 00:00:00+02:00,19.92,20.13,19.56,19.61,18.66,1530950
2022-04-12 00:00:00+02:00,19.4,19.64,19.19,19.42,18.49,729709
2022-04-13 00:00:00+02:00,19.4,19.62,19.37,19.44,18.5,856081
2022-04-14 00:00:00+02:00,19.25,19.74,19.25,19.61,18.67,862371
2022-04-19 00:00:00+02:00,19.55,19.58,19.18,19.44,18.5,912289
2022-04-20 00:00:00+02:00,19.5,19.88,19.42,19.83,18.87,1300694
2022-04-21 00:00:00+02:00,19.88,20.07,19.8,19.86,18.9,1109955
2022-04-22 00:00:00+02:00,19.65,20.0,19.52,19.86,18.9,1397292
2022-04-25 00:00:00+02:00,19.64,20.25,19.5,20.02,19.06,874098
2022-04-26 00:00:00+02:00,20.14,20.31,19.93,20.02,19.06,989942
2022-04-27 00:00:00+02:00,19.94,20.29,19.79,20.2,19.23,749428
2022-04-28 00:00:00+02:00,20.29,20.44,20.01,20.25,19.27,1203064
2022-04-29 00:00:00+02:00,20.09,20.26,19.83,20.03,19.06,809585
2022-05-02 00:00:00+02:00,20.0,20.18,19.41,19.78,18.83,804582
2022-05-03 00:00:00+02:00,19.85,20.07,19.78,20.0,19.04,765186
2022-05-04 00:00:00+02:00,20.0,20.2,20.0,20.1,19.13,531861
2022-05-05 00:00:00+02:00,20.18,20.31,19.82,19.85,18.89,2153072
2022-05-06 00:00:00+02:00,19.76,20.05,19.62,19.68,18.73,757141
2022-05-09 00:00:00+02:00,19.7,19.92,19.29,19.29,18.36,900635
2022-05-10 00:00:00+02:00,19.54,19.58,18.6,19.05,18.13,1385654
2022-05-11 00:00:00+02:00,19.16,19.77,19.08,19.74,18.78,1365041
2022-05-12 00:00:00+02:00,19.7,20.02,19.57,19.6,18.66,1412883
2022-05-13 00:00:00+02:00,19.73,19.98,19.67,19.82,18.86,927149
2022-05-16 00:00:00+02:00,19.92,20.09,19.69,20.0,19.04,1030007
2022-05-17 00:00:00+02:00,20.01,20.23,19.88,19.95,18.99,1034108
2022-05-18 00:00:00+02:00,20.0,20.26,20.0,20.2,19.23,1081173
2022-05-19 00:00:00+02:00,20.1,20.77,19.89,20.66,19.66,1419035
2022-05-20 00:00:00+02:00,20.73,20.92,20.58,20.67,19.67,902924
2022-05-23 00:00:00+02:00,20.75,20.86,20.57,20.67,19.67,700988
2022-05-24 00:00:00+02:00,20.5,20.68,20.15,20.67,19.67,1319612
2022-05-25 00:00:00+02:00,20.8,20.92,20.65,20.85,19.85,798754
2022-05-26 00:00:00+02:00,20.86,21.06,20.84,20.96,19.95,856178
2022-05-27 00:00:00+02:00,21.02,21.05,20.61,20.86,19.85,992901
2022-05-30 00:00:00+02:00,20.92,21.02,20.71,20.78,19.78,530198
2022-05-31 00:00:00+02:00,20.83,20.9,20.59,20.63,19.64,1692113
2022-06-01 00:00:00+02:00,20.75,20.96,20.35,20.38,19.4,809395
2022-06-02 00:00:00+02:00,20.47,20.51,20.1,20.23,19.25,698949
2022-06-03 00:00:00+02:00,20.37,20.49,20.21,20.43,19.45,344815
2022-06-06 00:00:00+02:00,20.56,20.74,20.38,20.67,19.67,576853
2022-06-07 00:00:00+02:00,20.64,20.94,20.53,20.88,19.87,1183797
2022-06-08 00:00:00+02:00,20.92,20.97,20.51,20.63,19.64,790611
2022-06-09 00:00:00+02:00,20.56,20.83,20.45,20.76,19.76,1426355
2022-06-10 00:00:00+02:00,20.57,20.57,19.65,19.9,18.94,2873966
2022-06-13 00:00:00+02:00,19.7,19.91,19.65,19.81,18.85,1269489
2022-06-14 00:00:00+02:00,19.81,19.92,19.08,19.08,18.17,1695761
2022-06-15 00:00:00+02:00,19.35,19.75,19.26,19.48,18.54,1396076
2022-06-16 00:00:00+02:00,19.52,19.65,19.24,19.39,18.45,1398640
2022-06-17 00:00:00+02:00,19.39,19.4,19.08,19.08,18.17,1954984
2022-06-20 00:00:00+02:00,19.25,19.39,19.05,19.33,18.39,4089765
2022-06-21 00:00:00+02:00,19.38,19.43,18.54,18.76,17.86,1787614
2022-06-22 00:00:00+02:00,18.94,18.94,18.11,18.34,17.46,1923140
2022-06-23 00:00:00+02:00,18.29,18.68,18.09,18.51,17.62,1812223
2022-06-24 00:00:00+02:00,18.69,19.05,18.67,18.94,18.03,1405243
2022-06-27 00:00:00+02:00,19.0,19.17,18.58,18.83,17.93,1587852
2022-06-28 00:00:00+02:00,18.72,19.44,18.72,19.44,18.51,1611332
2022-06-29 00:00:00+02:00,18.5,18.63,18.15,18.36,18.36,1479113
2022-06-30 00:00:00+02:00,18.18,18.25,17.76,18.0,18.0,1993896
2022-07-01 00:00:00+02:00,17.99,18.58,17.91,18.55,18.55,984970
2022-07-04 00:00:00+02:00,18.6,18.74,18.45,18.45,18.45,1944940
2022-07-05 00:00:00+02:00,18.49,18.56,18.2,18.23,18.23,682272
2022-07-06 00:00:00+02:00,18.36,18.36,18.05,18.19,18.19,1466290
2022-07-07 00:00:00+02:00,18.25,18.36,18.09,18.19,18.19,1196694
2022-07-08 00:00:00+02:00,18.19,18.2,17.99,18.08,18.08,1351615
2022-07-11 00:00:00+02:00,18.01,18.25,17.97,18.25,18.25,2143929
2022-07-12 00:00:00+02:00,18.25,18.43,18.0,18.13,18.13,1106072
2022-07-13 00:00:00+02:00,18.0,18.12,17.84,17.93,17.93,962224
2022-07-14 00:00:00+02:00,17.88,17.89,17.46,17.59,17.59,1215403
2022-07-15 00:00:00+02:00,17.64,17.83,17.57,17.72,17.72,715710
2022-07-18 00:00:00+02:00,17.78,17.98,17.66,17.81,17.81,780470
2022-07-19 00:00:00+02:00,17.66,18.0,17.64,17.88,17.88,675150
2022-07-20 00:00:00+02:00,17.89,17.97,17.58,17.58,17.58,903030
2022-07-21 00:00:00+02:00,17.5,17.69,17.47,17.51,17.51,1309463
2022-07-22 00:00:00+02:00,17.5,17.8,17.5,17.77,17.77,453994
2022-07-25 00:00:00+02:00,17.67,17.81,17.58,17.7,17.7,794540
2022-07-26 00:00:00+02:00,17.72,17.98,17.67,17.94,17.94,696597
2022-07-27 00:00:00+02:00,18.08,18.26,17.63,17.97,17.97,652115
2022-07-28 00:00:00+02:00,17.85,17.98,17.13,17.76,17.76,2216157
2022-07-29 00:00:00+02:00,17.9,18.08,17.77,17.91,17.91,2306403
2022-08-01 00:00:00+02:00,17.88,18.2,17.88,17.95,17.95,892653
2022-08-02 00:00:00+02:00,17.9,17.97,17.76,17.85,17.85,865588
2022-08-03 00:00:00+02:00,17.78,17.9,17.67,17.7,17.7,1016808
2022-08-04 00:00:00+02:00,17.72,17.92,17.66,17.85,17.85,1056062
2022-08-05 00:00:00+02:00,17.77,17.89,17.67,17.78,17.78,590831
2022-08-08 00:00:00+02:00,17.9,18.11,17.83,18.08,18.08,683763
2022-08-09 00:00:00+02:00,18.08,18.24,17.94,18.24,18.24,796315
2022-08-10 00:00:00+02:00,18.25,18.3,18.06,18.09,18.09,504029
2022-08-11 00:00:00+02:00,18.12,18.17,17.99,18.07,18.07,595665
2022-08-12 00:00:00+02:00,18.02,18.21,18.0,18.04,18.04,595944
2022-08-15 00:00:00+02:00,18.09,18.18,18.0,18.15,18.15,396426
2022-08-16 00:00:00+02:00,18.18,18.45,18.18,18.44,18.44,626833
2022-08-17 00:00:00+02:00,18.45,18.45,18.2,18.26,18.26,572735
2022-08-18 00:00:00+02:00,18.25,18.32,18.08,18.2,18.2,588873
2022-08-19 00:00:00+02:00,18.12,18.21,18.0,18.16,18.16,738550
2022-08-22 00:00:00+02:00,18.11,18.27,17.95,18.27,18.27,722375
2022-08-23 00:00:00+02:00,18.14,18.25,17.97,18.01,18.01,948809
2022-08-24 00:00:00+02:00,17.99,18.17,17.95,18.09,18.09,575511
2022-08-25 00:00:00+02:00,18.11,18.26,18.03,18.11,18.11,271919
2022-08-26 00:00:00+02:00,18.15,18.2,17.81,17.86,17.86,668732
2022-08-29 00:00:00+02:00,17.73,17.83,17.53,17.76,17.76,584836
2022-08-30 00:00:00+02:00,17.75,17.88,17.5,17.5,17.5,952275
2022-08-31 00:00:00+02:00,17.48,17.57,17.03,17.1,17.1,2076111
2022-09-01 00:00:00+02:00,17.11,17.2,16.95,17.05,17.05,1146149
2022-09-02 00:00:00+02:00,17.12,17.3,16.91,17.25,17.25,733094
2022-09-05 00:00:00+02:00,17.16,17.22,16.99,17.22,17.22,658779
2022-09-06 00:00:00+02:00,17.27,17.33,16.98,17.02,17.02,582535
2022-09-07 00:00:00+02:00,16.98,17.77,16.98,17.55,17.55,1511043
2022-09-08 00:00:00+02:00,17.59,17.67,17.41,17.58,17.58,650229
2022-09-09 00:00:00+02:00,17.47,17.65,17.38,17.48,17.48,1173282
2022-09-12 00:00:00+02:00,17.5,17.77,17.39,17.74,17.74,733773
2022-09-13 00:00:00+02:00,17.8,18.0,17.52,17.53,17.53,1233508
2022-09-14 00:00:00+02:00,17.5,17.51,17.17,17.17,17.17,1003021
2022-09-15 00:00:00+02:00,17.15,17.78,16.91,17.52,17.52,1790461
2022-09-16 00:00:00+02:00,17.31,17.76,17.3,17.63,17.63,1949258
2022-09-19 00:00:00+02:00,17.5,17.67,17.31,17.5,17.5,439366
2022-09-20 00:00:00+02:00,17.76,17.99,17.28,17.3,17.3,1093773
2022-09-21 00:00:00+02:00,17.25,17.65,17.08,17.55,17.55,1299122
2022-09-22 00:00:00+02:00,17.42,17.55,17.32,17.37,17.37,814177
2022-09-23 00:00:00+02:00,17.38,17.42,16.82,16.95,16.95,1363931
2022-09-26 00:00:00+02:00,16.86,17.03,16.57,16.69,16.69,886575
2022-09-27 00:00:00+02:00,16.72,16.82,16.32,16.33,16.33,1123068
2022-09-28 00:00:00+02:00,16.2,16.51,16.03,16.32,16.32,1264331
2022-09-29 00:00:00+02:00,16.18,16.2,15.7,15.7,15.7,1936005
2022-09-30 00:00:00+02:00,15.7,15.73,15.37,15.42,15.42,1234795
2022-10-03 00:00:00+02:00,15.39,16.04,15.32,15.99,15.99,872072
2022-10-04 00:00:00+02:00,16.1,16.18,15.94,16.09,16.09,1206807
2022-10-05 00:00:00+02:00,16.01,16.03,15.66,15.73,15.73,699324
2022-10-06 00:00:00+02:00,15.78,15.86,15.36,15.43,15.43,768080
2022-10-07 00:00:00+02:00,15.36,15.6,15.27,15.27,15.27,997037
2022-10-10 00:00:00+02:00,15.27,15.28,15.09,15.15,15.15,816551
2022-10-11 00:00:00+02:00,15.09,15.16,14.64,14.72,14.72,1497428
2022-10-12 00:00:00+02:00,14.71,14.86,14.37,14.38,14.38,1796768
2022-10-13 00:00:00+02:00,14.28,14.51,14.07,14.27,14.27,1428293
2022-10-14 00:00:00+02:00,14.54,14.93,14.44,14.82,14.82,1662534
2022-10-17 00:00:00+02:00,14.86,15.15,14.68,15.1,15.1,1947991
2022-10-18 00:00:00+02:00,15.11,15.36,15.09,15.22,15.22,1233378
2022-10-19 00:00:00+02:00,15.23,15.23,14.92,15.05,15.05,913426
2022-10-20 00:00:00+02:00,15.02,15.17,14.94,15.09,15.09,944088
2022-10-21 00:00:00+02:00,15.02,15.06,14.78,14.88,14.88,805264
2022-10-24 00:00:00+02:00,14.97,15.4,14.97,15.31,15.31,987587
2022-10-25 00:00:00+02:00,15.35,15.57,15.23,15.56,15.56,630982
2022-10-26 00:00:00+02:00,15.6,15.82,15.47,15.82,15.82,835352
2022-10-27 00:00:00+02:00,15.83,16.59,15.66,16.48,16.48,1620090
2022-10-28 00:00:00+02:00,16.36,16.83,16.35,16.7,16.7,1298342
2022-10-31 00:00:00+01:00,16.68,16.89,16.61,16.89,16.89,1615086
2022-11-01 00:00:00+01:00,16.96,17.12,16.77,16.86,16.86,842959
2022-11-02 00:00:00+01:00,16.9,16.92,16.68,16.88,16.88,1022530
2022-11-03 00:00:00+01:00,16.73,16.74,16.51,16.61,16.61,958913
2022-11-04 00:00:00+01:00,16.69,16.69,16.1,16.36,16.36,396076
